Water Year,area,Km^3,Jan,Feb,Mar,Apr,May,Jun,Jul,Aug,Sep,Oct,Nov,Dec
Bute,9740,15.62,0.45,0.29,0.43,0.41,1.48,2.23,3.44,2.75,1.94,0.77,0.54,0.90
Caamano,30858,70.42,4.40,2.63,3.97,6.78,9.97,6.15,9.56,5.48,6.39,6.20,3.24,5.63
EVI_N,9709,18.97,2.18,1.35,1.40,1.52,1.76,1.37,0.93,0.35,0.59,1.77,2.79,2.96
EVI_S,6510,8.60,1.03,0.69,0.84,1.15,0.36,0.25,0.33,0.06,0.21,0.34,1.09,2.24
Fraser,235396,89.65,4.39,2.74,4.09,5.37,12.87,14.77,14.66,8.37,7.55,4.23,5.70,4.90
Hakai,32520,42.37,1.74,1.18,2.19,2.94,6.13,5.06,6.78,4.77,5.00,2.31,1.75,2.50
Howe,6234,13.84,0.64,0.42,0.48,1.39,1.55,1.62,2.04,1.30,1.28,1.05,0.93,1.13
JdF,5356,11.04,1.90,0.90,1.00,1.70,0.37,0.12,0.19,0.04,0.32,0.62,1.35,2.54
Jervis,5785,7.70,0.67,0.40,0.51,0.64,0.63,0.66,0.72,0.34,0.37,0.56,0.90,1.30
Knight,19437,33.31,1.20,0.58,1.29,1.94,4.65,3.92,5.91,4.55,4.32,2.01,1.23,1.72
Nass,55242,83.23,4.54,2.82,4.08,7.82,10.68,9.04,9.48,5.82,10.54,7.53,4.71,6.17
Puget,17080,13.58,2.51,0.99,0.90,1.76,0.75,0.57,0.85,0.27,0.73,0.70,1.25,2.30
HG_Dixon,4551,6.96,0.98,0.38,0.62,0.75,0.49,0.15,0.18,0.10,0.46,1.01,0.66,1.19
HG_East,4248,18.20,2.26,1.85,1.72,1.41,1.18,0.71,0.52,0.56,0.98,2.51,2.04,2.46
HG_West,3245,9.57,1.30,0.46,0.89,1.15,0.78,0.27,0.28,0.11,0.65,1.34,0.77,1.55
Skagit,15467,26.64,4.05,1.81,1.75,2.84,2.11,2.00,1.91,0.96,1.23,1.65,2.79,3.53
Skeena,56272,40.86,1.08,0.78,1.05,2.49,7.47,8.37,6.98,2.94,3.97,2.74,1.53,1.46
Stikine,75670,81.83,5.59,3.20,3.95,5.08,6.37,7.20,8.96,5.69,13.67,8.21,5.56,8.34
Toba,3892,7.09,0.30,0.22,0.27,0.44,0.85,0.80,0.94,0.47,0.94,0.67,0.43,0.76
WC,15882,32.17,5.83,2.33,2.40,4.04,1.18,0.57,0.88,0.22,1.37,2.17,3.91,7.27
WVI,16932,40.81,3.62,2.15,3.23,5.39,4.76,1.39,2.55,0.74,2.67,2.72,4.04,7.55
Columbia,685292,203.74,26.39,15.44,15.96,26.10,20.18,19.29,13.78,10.66,10.09,10.63,14.13,21.09
Bute,9740,17.23,0.55,0.61,0.68,0.30,1.28,2.66,3.18,3.02,1.76,1.61,1.18,0.40
Caamano,30858,77.55,7.56,3.71,5.53,5.10,4.44,7.92,5.49,7.93,6.15,9.26,8.41,6.04
EVI_N,9709,20.85,2.69,1.56,1.96,1.54,1.75,1.55,0.65,0.45,0.62,2.14,3.54,2.40
EVI_S,6510,11.31,2.09,0.85,1.90,0.80,0.37,0.65,0.25,0.10,0.23,0.51,1.31,2.26
Fraser,235396,108.17,6.26,4.20,4.79,4.36,13.56,22.05,16.86,9.71,7.32,7.09,6.12,5.86
Hakai,32520,47.37,4.10,1.92,1.97,1.83,3.37,6.92,5.32,6.02,4.18,4.98,4.21,2.54
Howe,6234,19.75,1.20,0.97,1.11,0.94,1.95,3.18,2.54,1.97,1.29,1.82,1.63,1.15
JdF,5356,14.30,2.91,1.51,2.31,0.74,0.43,0.47,0.13,0.09,0.28,1.19,1.80,2.44
Jervis,5785,10.68,1.39,0.75,1.12,0.55,0.81,1.14,0.75,0.41,0.27,0.81,1.46,1.21
Knight,19437,36.90,1.96,0.94,1.63,1.11,2.92,5.48,4.90,5.32,3.96,4.40,3.37,0.90
Nass,55242,98.43,7.47,4.55,5.58,8.29,8.00,13.42,8.10,7.82,6.98,12.55,9.01,6.66
Puget,17080,17.01,2.79,1.46,2.19,0.94,1.09,1.94,0.98,0.39,0.92,0.77,1.25,2.30
HG_Dixon,4551,8.80,1.04,0.54,1.15,1.00,0.24,0.34,0.08,0.20,0.46,1.27,1.26,1.23
HG_East,4248,18.60,2.40,2.19,1.68,1.40,1.07,0.74,0.43,0.46,0.89,2.46,2.37,2.51
HG_West,3245,12.20,1.41,0.67,1.88,1.43,0.36,0.70,0.15,0.36,0.72,1.47,1.48,1.58
Skagit,15467,31.69,4.50,2.37,3.34,2.04,2.76,3.66,2.33,1.13,1.37,1.71,2.73,3.76
Skeena,56272,46.17,1.70,0.99,1.27,2.72,6.76,10.57,5.91,4.58,2.87,4.18,2.97,1.67
Stikine,75670,97.69,8.21,5.12,6.34,4.18,5.31,10.73,8.43,7.92,12.64,11.89,7.97,8.95
Toba,3892,8.77,0.45,0.53,0.56,0.40,0.91,1.21,0.75,0.57,0.89,1.21,0.84,0.45
WC,15882,37.69,7.30,3.69,5.77,2.00,1.47,2.00,0.75,0.67,1.25,2.33,4.51,5.94
WVI,16932,57.26,8.94,3.72,5.99,3.68,2.50,5.65,1.83,2.21,3.18,5.75,7.75,6.06
Columbia,685292,225.66,26.07,17.81,24.49,25.11,24.01,24.19,15.23,12.09,10.60,10.60,14.14,21.32
Bute,9740,17.29,0.39,0.48,0.56,0.99,1.01,3.01,3.66,2.76,2.14,0.63,0.77,0.89
Caamano,30858,83.28,4.76,5.39,5.89,7.76,8.48,10.02,8.61,5.12,5.36,8.46,7.30,6.13
EVI_N,9709,19.41,1.96,1.64,1.83,1.82,1.66,1.58,0.87,0.36,0.63,1.63,2.93,2.50
EVI_S,6510,10.05,1.28,1.52,1.62,0.97,0.30,0.37,0.31,0.11,0.30,0.19,0.90,2.18
Fraser,235396,118.76,5.26,4.83,5.84,7.06,14.81,26.03,20.61,9.46,8.14,4.85,5.43,6.46
Hakai,32520,49.35,2.45,2.22,2.69,3.49,4.53,8.02,7.03,4.43,4.59,3.94,2.85,3.10
Howe,6234,18.98,0.62,0.95,1.08,1.76,1.57,3.19,3.05,1.95,1.73,0.59,0.99,1.51
JdF,5356,15.41,2.87,2.50,2.33,1.58,0.26,0.24,0.30,0.07,0.32,0.31,1.23,3.40
Jervis,5785,9.06,0.61,0.81,0.90,0.92,0.58,1.09,0.83,0.40,0.50,0.32,0.89,1.23
Knight,19437,35.70,1.27,0.90,1.65,2.91,2.42,6.23,6.15,4.41,4.41,1.73,1.94,1.69
Nass,55242,99.91,6.49,6.68,6.51,9.80,8.23,15.07,10.57,7.26,7.40,7.72,7.12,7.07
Puget,17080,19.63,2.45,2.48,2.17,1.84,1.01,2.12,1.97,0.91,1.02,0.27,0.85,2.54
HG_Dixon,4551,8.25,1.11,1.14,0.94,0.85,0.24,0.25,0.18,0.17,0.37,0.76,1.08,1.17
HG_East,4248,17.40,2.01,1.61,1.70,1.45,1.12,0.69,0.40,0.42,0.99,2.55,2.15,2.31
HG_West,3245,11.05,1.36,1.46,1.44,1.21,0.38,0.41,0.30,0.28,0.59,0.90,1.24,1.46
Skagit,15467,34.08,4.08,3.56,3.24,2.97,2.93,4.22,3.18,1.48,1.47,1.02,2.09,3.84
Skeena,56272,51.61,1.46,1.40,1.45,3.15,8.27,12.95,8.01,3.54,3.08,3.59,2.94,1.77
Stikine,75670,97.29,6.50,7.28,6.87,5.93,5.55,11.27,10.84,7.41,13.44,6.60,6.14,9.49
Toba,3892,8.30,0.23,0.45,0.42,1.02,0.60,1.30,0.99,0.48,1.21,0.40,0.52,0.68
WC,15882,37.42,5.68,6.08,5.30,3.90,0.70,0.88,1.58,0.28,1.39,0.74,3.38,7.51
WVI,16932,45.20,4.84,5.16,6.55,5.02,2.03,3.55,2.66,0.68,2.55,1.31,4.49,6.35
Columbia,685292,229.09,24.88,21.60,24.37,30.19,24.52,23.16,15.92,11.94,10.75,8.64,11.51,21.62
Bute,9740,16.44,0.69,0.34,0.42,0.36,1.12,2.85,3.24,2.78,2.11,1.22,0.73,0.57
Caamano,30858,77.75,7.22,2.33,4.33,3.68,7.88,8.80,7.31,3.93,10.27,10.50,4.79,6.68
EVI_N,9709,19.45,2.83,1.27,1.46,1.29,1.61,1.46,0.78,0.35,0.59,2.14,2.96,2.72
EVI_S,6510,9.56,1.60,0.52,0.85,0.39,0.73,0.47,0.29,0.07,0.10,0.63,1.44,2.48
Fraser,235396,101.18,3.86,3.42,4.21,5.04,14.09,19.42,14.22,9.02,7.71,7.76,7.41,5.04
Hakai,32520,47.22,2.92,1.18,1.85,2.11,4.93,7.36,6.16,4.13,6.65,4.78,2.04,3.12
Howe,6234,16.54,0.82,0.50,0.71,0.57,1.89,2.76,2.20,1.71,1.10,1.52,1.52,1.23
JdF,5356,11.63,2.10,0.76,0.90,0.46,0.79,0.46,0.14,0.05,0.15,1.07,2.12,2.63
Jervis,5785,8.74,1.06,0.39,0.68,0.29,0.74,0.93,0.73,0.40,0.29,0.81,1.21,1.21
Knight,19437,35.46,2.05,0.67,1.15,1.40,3.26,6.02,5.69,4.37,4.59,3.27,1.54,1.47
Nass,55242,94.66,7.23,3.51,5.05,3.94,11.61,12.98,8.92,5.82,10.44,12.35,6.03,6.75
Puget,17080,12.78,1.22,0.56,0.76,0.60,1.15,1.67,0.39,0.30,0.75,0.92,1.89,2.56
HG_Dixon,4551,8.68,1.50,0.49,0.83,0.29,0.56,0.39,0.22,0.11,0.65,1.45,0.90,1.29
HG_East,4248,17.28,2.04,1.39,1.70,1.71,1.14,0.66,0.39,0.40,0.90,2.30,2.14,2.50
HG_West,3245,11.72,1.86,0.51,1.12,0.40,0.87,0.78,0.38,0.17,0.93,1.90,1.09,1.73
Skagit,15467,25.41,2.25,1.30,1.59,1.48,2.42,2.90,1.52,0.96,1.29,1.96,3.79,3.94
Skeena,56272,48.59,1.93,0.90,1.26,1.54,8.70,11.76,6.86,3.12,4.67,4.47,1.74,1.64
Stikine,75670,88.68,6.28,3.54,4.25,2.61,6.64,9.18,7.81,5.53,13.20,12.97,7.61,9.06
Toba,3892,7.88,0.48,0.25,0.30,0.31,0.76,1.23,0.85,0.52,1.03,1.06,0.58,0.51
WC,15882,33.24,5.42,1.94,2.77,1.15,2.40,2.40,0.44,0.23,0.87,2.31,6.01,7.30
WVI,16932,51.90,8.06,3.00,3.94,2.27,6.00,4.46,3.22,0.67,1.56,4.63,5.54,8.55
Columbia,685292,190.59,17.57,13.04,16.29,20.51,20.26,19.80,13.08,10.84,10.08,10.92,15.79,22.40
Bute,9740,17.62,0.64,0.48,0.74,0.32,1.90,2.36,3.70,2.84,1.96,0.77,0.81,1.12
Caamano,30858,85.49,6.84,5.01,3.17,5.41,9.30,9.22,7.38,4.03,7.37,11.99,7.11,8.65
EVI_N,9709,20.77,2.66,1.93,1.95,1.62,2.01,1.34,0.98,0.32,0.36,1.56,3.05,2.99
EVI_S,6510,12.16,2.10,1.89,1.95,1.03,0.66,0.38,0.47,0.05,0.04,0.19,1.33,2.05
Fraser,235396,115.65,6.03,4.40,5.86,6.55,18.62,21.25,20.16,8.95,6.08,5.40,6.44,5.89
Hakai,32520,49.85,3.58,2.22,1.72,2.34,6.29,7.17,6.96,4.29,4.17,4.85,2.36,3.90
Howe,6234,20.08,1.07,0.82,1.32,1.39,3.15,2.43,3.28,1.98,1.21,0.65,1.35,1.43
JdF,5356,15.42,3.27,2.36,2.16,1.14,0.98,0.33,0.28,0.04,0.09,0.32,1.70,2.76
Jervis,5785,10.46,1.24,0.82,1.28,0.70,1.05,0.87,1.01,0.40,0.24,0.33,1.13,1.40
Knight,19437,37.24,2.03,1.00,1.56,1.22,4.92,4.95,6.69,4.50,3.78,2.24,2.04,2.32
Nass,55242,101.78,7.10,6.48,5.04,6.36,10.92,13.06,11.10,5.06,5.19,14.68,6.70,10.08
Puget,17080,17.88,2.87,1.78,1.89,1.71,1.65,1.49,2.06,0.27,0.20,0.30,1.33,2.32
HG_Dixon,4551,9.57,1.13,0.89,0.83,0.56,0.46,0.28,0.13,0.07,0.28,1.80,1.02,2.13
HG_East,4248,17.19,2.08,1.84,1.47,1.54,1.12,0.67,0.54,0.39,1.01,2.11,2.32,2.09
HG_West,3245,12.14,1.43,1.00,1.19,0.87,0.74,0.49,0.22,0.10,0.36,2.07,1.13,2.54
Skagit,15467,33.31,4.64,2.78,2.96,3.03,3.49,3.47,3.46,1.10,0.80,1.03,2.84,3.72
Skeena,56272,49.90,1.65,1.36,1.08,2.11,8.43,11.37,7.54,2.68,3.06,6.01,2.14,2.45
Stikine,75670,94.71,7.88,6.60,5.81,4.55,7.89,10.39,11.50,5.66,7.19,9.55,7.09,10.61
Toba,3892,8.66,0.47,0.46,0.61,0.45,1.24,0.87,1.15,0.51,0.97,0.46,0.60,0.86
WC,15882,40.23,7.58,5.30,5.67,3.13,3.15,1.44,1.56,0.22,0.34,0.77,4.39,6.66
WVI,16932,59.66,7.75,8.03,6.35,4.34,5.88,3.69,4.52,0.59,0.99,1.89,6.61,9.02
Columbia,685292,236.51,26.39,20.88,23.93,30.45,27.61,25.18,17.99,11.92,8.39,8.72,13.57,21.46
Bute,9740,18.41,0.59,0.49,0.44,0.41,1.57,2.62,3.45,3.54,1.66,1.64,1.30,0.71
Caamano,30858,79.48,6.89,2.85,2.87,2.65,6.61,9.54,9.56,7.80,4.72,9.18,9.42,7.39
EVI_N,9709,20.34,2.31,1.57,1.49,1.52,1.86,1.26,0.78,0.61,0.34,2.33,3.96,2.31
EVI_S,6510,9.70,1.15,1.09,0.92,0.61,0.64,0.32,0.15,0.25,0.06,0.87,1.74,1.89
Fraser,235396,112.74,5.13,4.05,4.35,4.24,15.28,22.12,16.25,14.77,4.32,7.78,8.51,5.93
Hakai,32520,46.95,2.70,1.00,1.56,1.44,4.51,6.82,6.15,6.73,2.80,5.02,5.30,2.93
Howe,6234,18.02,0.82,0.79,0.74,0.72,2.11,2.32,2.36,2.21,0.96,2.11,1.61,1.28
JdF,5356,13.55,2.09,1.43,1.10,0.57,0.65,0.24,0.06,0.19,0.06,1.53,2.31,3.32
Jervis,5785,9.57,0.93,0.75,0.67,0.45,0.93,0.83,0.70,0.58,0.17,1.09,1.47,1.01
Knight,19437,36.88,1.59,0.68,1.19,1.16,3.86,5.00,5.21,6.08,2.91,3.87,3.85,1.48
Nass,55242,96.04,6.21,5.49,3.62,4.56,10.09,13.54,9.46,8.64,4.25,11.91,10.75,7.52
Puget,17080,17.43,2.47,1.91,1.33,0.94,1.31,1.11,0.98,1.36,0.20,1.34,1.57,2.91
HG_Dixon,4551,9.26,1.16,0.87,0.64,0.37,0.28,0.37,0.11,0.16,0.28,1.86,1.77,1.39
HG_East,4248,17.00,2.23,1.55,1.59,1.45,1.04,0.70,0.57,0.54,0.95,2.12,2.00,2.26
HG_West,3245,12.38,1.49,1.05,0.92,0.47,0.46,0.67,0.18,0.28,0.40,2.53,2.20,1.72
Skagit,15467,32.45,4.09,2.96,2.32,2.10,3.01,2.85,2.43,1.66,0.80,2.47,3.25,4.51
Skeena,56272,47.82,1.55,1.12,0.89,1.58,8.23,11.30,6.96,4.58,2.16,3.83,3.64,1.99
Stikine,75670,94.32,6.78,5.75,3.99,2.86,6.40,9.88,8.97,10.41,5.66,14.14,9.94,9.54
Toba,3892,9.06,0.40,0.47,0.31,0.47,1.12,0.98,0.81,0.90,0.75,1.43,0.90,0.53
WC,15882,36.76,5.75,3.96,3.18,1.45,2.02,1.13,0.33,1.10,0.28,3.72,5.96,7.87
WVI,16932,51.13,5.34,3.32,3.74,2.41,5.03,3.52,0.83,3.03,0.64,5.96,10.71,6.60
Columbia,685292,218.42,23.88,20.55,19.71,23.71,23.53,22.13,15.39,13.24,8.36,12.44,13.89,21.60
Bute,9740,18.98,0.57,0.54,0.65,0.60,1.51,2.98,4.25,3.85,1.92,0.89,0.50,0.72
Caamano,30858,95.55,7.90,4.71,5.99,4.20,10.96,11.45,11.15,8.58,6.06,10.54,6.04,7.98
EVI_N,9709,18.79,2.45,1.61,1.73,1.61,1.88,1.36,0.89,0.55,0.30,1.76,2.31,2.36
EVI_S,6510,8.30,1.52,1.24,1.14,0.65,0.75,0.42,0.25,0.22,0.08,0.36,0.51,1.15
Fraser,235396,120.25,5.31,4.26,5.04,5.86,17.42,25.90,19.56,15.62,6.08,5.45,4.55,5.21
Hakai,32520,59.27,3.51,2.58,2.77,2.11,6.74,9.10,8.74,7.51,3.19,4.94,3.03,5.04
Howe,6234,17.69,0.61,0.76,0.94,1.10,2.67,3.12,2.56,2.24,1.24,0.96,0.61,0.88
JdF,5356,11.87,2.85,2.26,1.68,0.80,0.77,0.28,0.23,0.19,0.13,0.61,0.73,1.35
Jervis,5785,7.85,0.59,0.60,0.83,0.58,0.91,0.95,0.71,0.55,0.24,0.50,0.50,0.87
Knight,19437,42.03,1.77,1.03,1.86,1.71,4.55,6.29,7.97,6.88,3.61,2.63,1.65,2.09
Nass,55242,100.16,7.23,5.77,5.79,4.18,13.28,15.27,11.52,8.97,5.98,9.88,5.34,6.94
Puget,17080,13.33,2.08,1.95,1.25,1.07,1.15,1.08,1.32,1.36,0.31,0.44,0.47,0.85
HG_Dixon,4551,9.27,1.53,0.86,0.90,0.39,0.69,0.40,0.29,0.23,0.48,1.15,1.00,1.37
HG_East,4248,17.19,2.01,1.66,1.72,1.66,1.07,0.72,0.44,0.46,0.85,2.25,1.94,2.40
HG_West,3245,12.81,1.94,1.04,1.36,0.62,1.17,0.81,0.51,0.44,0.67,1.43,1.13,1.69
Skagit,15467,26.61,3.42,3.01,2.18,2.27,2.91,3.02,2.79,1.74,0.87,1.22,1.44,1.76
Skeena,56272,54.90,1.81,1.19,1.45,1.63,10.48,13.98,8.97,4.57,2.71,4.16,2.00,1.95
Stikine,75670,92.34,7.09,6.03,5.61,3.37,8.25,11.33,11.23,10.98,8.08,8.76,4.40,7.19
Toba,3892,7.82,0.33,0.43,0.44,0.62,0.95,1.04,0.98,0.84,0.80,0.64,0.27,0.48
WC,15882,28.57,6.17,4.75,3.93,1.70,1.96,1.32,1.46,1.10,0.49,1.25,1.61,2.82
WVI,16932,53.43,5.93,4.92,5.53,3.34,7.25,4.93,4.05,2.81,1.18,3.12,3.47,6.89
Columbia,685292,205.54,21.45,20.53,18.85,26.35,24.92,23.21,16.76,13.58,8.72,9.04,9.77,12.38
Bute,9740,14.82,0.53,0.08,0.67,0.43,1.20,2.02,3.18,2.55,1.81,0.92,0.83,0.61
Caamano,30858,72.50,3.50,4.84,4.77,5.31,5.40,9.21,8.49,4.30,4.57,9.90,9.04,3.18
EVI_N,9709,19.47,2.11,1.38,1.82,1.43,1.97,1.29,0.86,0.42,0.63,2.10,3.19,2.26
EVI_S,6510,8.96,0.64,1.40,1.08,0.60,0.99,0.26,0.29,0.16,0.28,0.73,1.49,1.05
Fraser,235396,103.17,3.66,3.23,4.88,6.06,14.86,16.68,18.21,11.03,8.39,4.77,6.50,4.90
Hakai,32520,46.51,1.92,1.53,2.87,2.51,4.21,7.01,7.68,4.58,4.47,3.98,3.92,1.83
Howe,6234,15.71,0.56,0.57,0.65,0.84,2.63,1.69,2.33,1.51,1.29,1.41,1.44,0.79
JdF,5356,11.51,1.13,1.30,1.79,0.67,0.84,0.19,0.18,0.15,0.27,0.84,2.06,2.10
Jervis,5785,8.38,0.60,0.51,0.60,0.46,1.07,0.63,0.76,0.44,0.48,0.86,1.25,0.71
Knight,19437,32.94,1.27,0.51,2.05,1.31,2.65,4.25,6.02,4.34,3.89,2.86,2.55,1.24
Nass,55242,91.30,3.08,5.07,6.47,5.72,9.42,11.59,8.81,7.20,7.23,11.32,9.66,5.73
Puget,17080,15.15,0.64,0.94,1.63,0.59,2.13,0.89,0.96,1.36,0.98,0.61,1.70,2.71
HG_Dixon,4551,9.18,0.47,1.06,1.01,0.73,0.43,0.28,0.17,0.14,0.46,1.74,1.72,0.97
HG_East,4248,16.77,2.15,1.72,1.65,1.36,1.03,0.72,0.42,0.39,0.88,2.24,2.06,2.16
HG_West,3245,12.54,0.58,1.31,1.46,1.14,0.76,0.49,0.28,0.22,0.70,2.36,2.03,1.20
Skagit,15467,27.55,1.50,1.79,2.67,1.44,3.63,2.21,1.91,1.57,1.44,1.48,3.60,4.30
Skeena,56272,45.48,0.97,1.27,1.40,2.21,7.21,10.21,6.86,3.66,3.00,4.37,3.07,1.25
Stikine,75670,87.90,3.39,4.79,5.90,3.53,6.68,7.69,8.40,7.91,12.69,10.43,8.75,7.73
Toba,3892,7.34,0.32,0.09,0.42,0.41,0.94,0.68,0.92,0.56,0.99,0.93,0.62,0.44
WC,15882,31.45,2.26,3.00,3.99,1.20,3.07,0.84,0.84,1.07,1.28,1.90,5.66,6.34
WVI,16932,49.05,2.44,5.79,5.63,3.27,5.46,2.47,3.09,1.12,2.07,5.20,7.69,4.82
Columbia,685292,183.23,12.36,14.31,20.50,16.71,20.01,15.33,12.27,11.84,10.72,9.92,15.16,24.11
Bute,9740,17.29,0.52,0.43,0.92,0.89,1.35,2.40,3.21,3.40,2.05,0.75,0.62,0.75
Caamano,30858,61.76,2.01,2.89,4.86,3.04,4.96,4.67,4.56,7.16,7.38,8.32,6.52,5.40
EVI_N,9709,19.20,2.39,1.42,1.80,1.79,1.75,1.28,0.71,0.61,0.72,1.64,2.65,2.46
EVI_S,6510,6.63,1.16,0.57,0.50,0.72,0.70,0.23,0.14,0.25,0.32,0.22,0.82,1.00
Fraser,235396,100.43,3.67,3.06,4.75,6.75,13.51,17.14,13.79,13.35,9.00,5.23,5.96,4.23
Hakai,32520,39.99,1.19,1.04,2.51,1.50,3.98,4.59,4.64,6.26,4.91,3.63,2.99,2.76
Howe,6234,15.16,0.64,0.53,0.72,1.31,2.33,1.97,1.94,1.94,1.59,0.61,0.90,0.68
JdF,5356,8.51,1.40,0.94,0.97,0.70,0.88,0.22,0.10,0.19,0.33,0.34,1.31,1.14
Jervis,5785,7.73,0.86,0.43,0.65,0.86,0.82,0.69,0.58,0.56,0.49,0.34,0.72,0.73
Knight,19437,34.76,1.09,0.71,2.28,1.85,3.37,4.14,4.89,5.94,4.46,2.50,1.91,1.61
Nass,55242,91.55,3.05,3.63,4.41,6.05,9.81,8.96,7.44,9.91,9.66,11.10,9.85,7.68
Puget,17080,14.03,1.31,1.19,0.95,1.55,1.53,1.00,1.80,1.35,1.03,0.27,1.04,1.00
HG_Dixon,4551,8.25,0.50,0.84,0.73,0.59,0.39,0.11,0.14,0.32,0.73,1.27,1.29,1.34
HG_East,4248,16.32,1.96,1.57,1.70,1.36,0.98,0.66,0.37,0.39,0.94,2.14,2.01,2.25
HG_West,3245,10.62,0.61,1.05,1.02,0.79,0.61,0.20,0.24,0.55,1.12,1.53,1.36,1.53
Skagit,15467,26.15,2.36,2.12,1.81,2.71,3.11,2.59,2.96,1.64,1.49,1.01,2.32,2.02
Skeena,56272,42.91,0.74,0.92,1.13,2.00,6.39,8.02,5.01,4.84,3.65,4.79,3.47,1.96
Stikine,75670,87.64,3.86,4.00,4.41,4.25,6.48,7.69,7.87,10.77,16.02,8.27,7.26,6.74
Toba,3892,8.24,0.38,0.34,0.57,1.02,0.91,0.89,0.72,0.88,1.14,0.48,0.39,0.52
WC,15882,23.88,3.37,2.61,2.41,2.18,2.63,1.27,0.54,1.10,1.40,0.75,2.88,2.73
WVI,16932,39.23,3.59,2.67,3.75,2.74,4.39,1.94,0.88,3.03,3.41,2.80,4.89,5.15
Columbia,685292,200.71,18.04,16.07,14.97,29.44,24.99,22.14,16.10,13.26,10.82,8.65,11.67,14.55
Bute,9740,15.90,0.35,0.71,0.30,0.58,1.20,2.36,2.92,2.80,1.78,1.77,0.21,0.93
Caamano,30858,62.76,2.96,3.17,3.49,2.41,8.63,7.24,6.33,2.84,8.25,4.63,5.23,7.59
EVI_N,9709,19.05,1.87,2.00,1.26,1.63,1.74,1.41,0.81,0.48,0.73,1.88,2.25,2.99
EVI_S,6510,9.02,0.54,1.71,0.71,0.93,0.56,0.27,0.30,0.10,0.31,0.15,0.68,2.75
Fraser,235396,92.15,3.24,4.68,3.21,6.21,13.83,16.76,12.59,8.28,7.66,5.93,3.27,6.51
Hakai,32520,41.65,1.18,2.10,1.38,1.71,5.51,5.78,5.93,4.00,5.32,3.23,1.57,3.95
Howe,6234,13.78,0.41,0.95,0.49,0.97,1.65,1.98,1.73,1.34,1.23,0.90,0.54,1.59
JdF,5356,11.26,0.74,2.27,1.06,0.78,0.48,0.30,0.19,0.06,0.29,0.77,0.70,3.62
Jervis,5785,7.71,0.46,0.91,0.42,0.62,0.71,0.74,0.59,0.40,0.42,0.45,0.49,1.49
Knight,19437,34.54,0.85,1.19,0.84,1.60,3.73,4.90,5.41,4.62,4.25,4.29,0.80,2.06
Nass,55242,100.82,3.46,5.92,3.85,4.44,11.91,12.71,9.22,6.96,8.78,13.10,7.70,12.76
Puget,17080,13.88,0.62,2.40,0.79,1.05,0.84,0.67,1.68,0.96,0.63,0.96,0.49,2.78
HG_Dixon,4551,8.80,0.67,1.09,0.42,0.34,0.61,0.33,0.15,0.09,0.66,1.22,1.26,1.96
HG_East,4248,16.64,2.22,1.44,2.09,1.31,1.10,0.74,0.44,0.38,0.91,1.87,1.96,2.18
HG_West,3245,10.79,0.76,1.37,0.57,0.46,0.96,0.59,0.29,0.16,1.00,1.18,1.21,2.23
Skagit,15467,25.48,1.47,3.52,1.62,2.07,2.10,1.98,2.55,1.38,1.14,1.99,1.52,4.14
Skeena,56272,47.21,1.06,1.10,1.06,1.46,8.60,10.58,6.66,3.35,3.74,4.46,2.43,2.72
Stikine,75670,87.48,3.20,6.71,3.41,3.33,6.57,7.99,8.24,6.49,13.79,10.74,4.75,12.26
Toba,3892,7.63,0.21,0.63,0.18,0.63,0.75,0.92,0.68,0.65,0.94,1.10,0.16,0.78
WC,15882,31.00,1.76,6.20,2.34,2.10,1.62,0.93,1.31,0.43,1.04,2.48,1.86,8.92
WVI,16932,47.33,2.22,6.92,2.62,3.25,5.19,3.10,3.90,0.92,3.42,1.94,3.76,10.10
Columbia,685292,191.44,12.92,24.30,15.39,24.76,19.24,17.13,13.60,11.82,9.73,11.83,10.90,19.82
Bute,9740,17.30,0.18,0.45,0.79,0.36,1.34,2.70,3.46,2.96,2.11,0.99,1.14,0.82
Caamano,30858,80.67,3.64,2.55,3.97,6.56,6.03,4.90,8.43,5.21,9.74,9.54,10.19,9.90
EVI_N,9709,20.28,1.95,1.57,1.71,1.62,1.82,1.65,0.94,0.45,0.72,1.73,3.30,2.82
EVI_S,6510,10.75,1.21,1.41,0.90,0.94,0.48,0.62,0.42,0.10,0.26,0.17,1.59,2.64
Fraser,235396,114.15,3.01,4.06,5.25,5.13,14.86,21.62,17.34,13.76,10.38,4.55,7.15,7.05
Hakai,32520,46.57,2.01,1.16,2.20,2.18,4.00,5.04,6.53,5.11,6.97,2.83,3.57,4.97
Howe,6234,18.85,0.46,0.91,0.94,0.89,2.07,3.39,2.80,1.85,1.68,0.66,1.88,1.31
JdF,5356,13.62,1.31,1.85,1.50,1.01,0.65,0.37,0.26,0.07,0.30,0.35,2.62,3.35
Jervis,5785,9.75,0.56,0.81,0.86,0.52,0.80,1.22,0.94,0.49,0.51,0.37,1.43,1.24
Knight,19437,36.41,0.91,0.68,1.86,1.72,2.90,5.02,6.36,4.86,4.83,2.33,2.89,2.06
Nass,55242,102.38,4.31,4.40,5.36,7.49,9.95,12.20,11.18,7.69,10.27,7.55,11.14,10.84
Puget,17080,16.21,1.52,1.85,1.20,1.40,1.11,2.13,0.84,0.76,0.78,0.27,1.77,2.59
HG_Dixon,4551,9.40,1.03,0.92,0.67,0.98,0.34,0.16,0.28,0.16,0.50,0.94,1.82,1.62
HG_East,4248,17.13,2.05,1.51,1.73,1.43,1.01,0.64,0.44,0.44,0.98,2.42,2.17,2.31
HG_West,3245,12.32,1.41,1.14,0.81,1.51,0.51,0.31,0.49,0.22,0.78,1.11,2.13,1.91
Skagit,15467,29.97,2.79,2.77,2.15,2.49,2.69,3.81,2.03,1.26,1.30,1.01,3.58,4.08
Skeena,56272,47.87,1.08,0.90,1.22,2.79,7.33,9.47,7.02,3.61,4.35,3.62,3.80,2.66
Stikine,75670,97.68,4.34,5.31,4.91,4.81,6.35,9.54,10.23,7.95,15.52,7.01,9.81,11.91
Toba,3892,8.73,0.13,0.44,0.54,0.40,0.85,1.29,1.07,0.72,1.16,0.69,0.80,0.64
WC,15882,32.79,3.08,5.40,2.99,2.53,1.12,1.18,1.03,0.55,1.10,0.88,6.46,6.48
WVI,16932,50.58,4.28,3.61,4.05,5.02,2.35,3.21,4.26,1.14,3.28,1.70,7.38,10.30
Columbia,685292,214.56,20.80,19.14,18.60,26.77,22.87,22.98,14.74,11.62,9.83,8.93,14.56,23.72
Bute,9740,17.22,0.36,0.41,0.33,0.63,1.83,2.97,2.83,3.29,2.05,1.09,0.69,0.74
Caamano,30858,81.27,4.50,3.66,4.10,8.15,6.95,10.59,6.29,6.11,9.06,5.90,11.06,4.90
EVI_N,9709,19.96,2.16,1.62,1.37,1.69,2.03,1.58,0.71,0.51,0.73,1.95,2.92,2.70
EVI_S,6510,10.34,0.92,1.34,0.80,1.10,0.97,0.60,0.27,0.08,0.31,0.64,1.15,2.15
Fraser,235396,107.44,2.74,4.04,3.86,7.46,16.25,22.88,15.57,9.20,8.60,6.49,5.72,4.63
Hakai,32520,47.44,1.75,2.27,1.50,3.41,5.01,8.10,5.07,5.25,5.39,3.48,3.63,2.58
Howe,6234,19.82,0.39,0.78,0.82,1.62,3.23,3.28,2.19,1.89,1.60,1.80,1.24,0.97
JdF,5356,12.69,0.89,2.07,0.96,1.67,0.81,0.57,0.10,0.07,0.32,1.37,1.56,2.30
Jervis,5785,9.65,0.55,0.63,0.64,0.78,1.32,1.06,0.68,0.50,0.50,0.82,1.01,1.14
Knight,19437,38.00,1.18,0.96,0.92,2.41,4.33,6.82,4.53,5.74,4.59,3.02,2.10,1.42
Nass,55242,102.84,4.29,6.16,4.81,10.00,11.83,14.91,8.99,6.63,10.28,10.04,8.45,6.45
Puget,17080,16.97,0.65,2.16,0.78,1.71,1.68,2.60,1.67,0.27,0.92,1.12,1.01,2.38
HG_Dixon,4551,9.83,1.53,0.95,1.00,0.94,0.55,0.35,0.09,0.16,0.70,0.89,1.14,1.54
HG_East,4248,17.46,2.03,1.49,1.69,1.50,1.00,0.68,0.49,0.44,0.94,2.47,2.45,2.28
HG_West,3245,13.46,2.00,1.17,1.45,1.40,0.94,0.67,0.16,0.26,1.02,1.16,1.30,1.94
Skagit,15467,29.99,1.48,3.27,1.54,2.69,3.43,4.23,2.68,0.99,1.39,2.10,2.30,3.88
Skeena,56272,51.24,1.20,1.15,1.27,3.45,8.99,12.46,6.56,3.87,4.24,3.51,3.18,1.38
Stikine,75670,98.53,3.66,6.31,4.36,6.16,7.79,11.37,8.90,6.78,15.71,11.94,7.46,8.09
Toba,3892,8.91,0.24,0.34,0.24,0.67,1.38,1.32,0.67,0.85,1.14,0.93,0.49,0.63
WC,15882,33.72,1.78,4.96,2.66,4.13,1.76,2.48,0.65,0.30,1.37,3.42,4.11,6.11
WVI,16932,53.54,3.65,5.58,3.32,6.48,5.09,6.36,1.93,1.35,3.39,4.37,6.22,5.80
Columbia,685292,210.50,12.40,20.58,16.49,27.71,24.19,24.12,15.17,11.09,10.59,11.60,12.74,23.84
Bute,9740,16.68,0.71,0.37,0.27,0.79,1.24,2.00,3.71,2.82,1.87,1.55,0.72,0.63
Caamano,30858,68.52,5.03,3.67,2.18,5.40,7.47,4.94,6.78,4.70,6.70,11.04,5.59,5.03
EVI_N,9709,20.18,2.71,1.77,1.29,1.68,1.65,1.27,0.96,0.44,0.48,2.36,2.81,2.75
EVI_S,6510,10.86,2.00,2.11,0.68,0.94,0.31,0.40,0.32,0.15,0.12,0.73,0.78,2.32
Fraser,235396,117.14,6.04,4.91,3.74,5.93,16.29,18.73,22.17,13.85,10.22,6.41,4.79,4.05
Hakai,32520,46.37,3.30,2.38,1.32,2.13,4.74,4.85,6.64,4.94,6.08,5.44,2.13,2.41
Howe,6234,18.47,1.08,1.19,0.53,1.55,1.70,2.32,3.13,2.15,1.25,1.70,1.02,0.85
JdF,5356,13.96,3.10,2.50,1.10,1.30,0.27,0.24,0.19,0.09,0.16,1.16,1.20,2.66
Jervis,5785,9.86,1.28,1.05,0.48,0.85,0.70,0.87,0.98,0.54,0.27,0.98,0.80,1.05
Knight,19437,34.45,2.03,0.87,0.73,2.09,2.92,3.29,6.44,4.48,4.18,4.36,1.73,1.33
Nass,55242,95.09,9.33,5.64,3.43,6.01,10.29,11.20,10.77,6.64,7.16,13.71,5.53,5.40
Puget,17080,16.82,2.36,2.48,1.26,1.28,0.65,1.00,2.05,0.76,0.79,1.02,1.02,2.15
HG_Dixon,4551,7.73,1.22,0.83,0.59,0.64,0.35,0.11,0.23,0.21,0.29,1.18,0.83,1.25
HG_East,4248,17.53,2.20,1.77,1.53,1.48,1.14,0.69,0.42,0.39,0.96,2.39,2.15,2.41
HG_West,3245,10.17,1.34,1.16,0.85,0.96,0.52,0.21,0.40,0.36,0.42,1.39,0.87,1.69
Skagit,15467,31.15,3.87,3.61,2.21,2.40,2.30,2.97,3.28,1.36,1.33,2.08,2.30,3.45
Skeena,56272,45.28,1.94,1.04,0.78,2.15,8.02,10.11,7.21,3.16,2.97,4.78,1.86,1.27
Stikine,75670,94.54,8.25,6.90,3.51,4.32,5.99,8.86,11.06,7.92,11.99,12.99,5.40,7.35
Toba,3892,8.70,0.51,0.42,0.19,0.86,0.78,0.78,1.24,0.67,0.90,1.33,0.47,0.56
WC,15882,36.21,6.76,6.29,3.13,3.39,0.64,0.88,0.91,0.50,0.81,3.04,3.84,6.00
WVI,16932,48.47,7.71,8.02,2.07,3.54,2.02,1.78,2.84,1.32,2.10,6.00,4.33,6.73
Columbia,685292,227.07,23.55,23.29,17.99,29.73,23.54,23.94,16.87,12.80,10.57,11.58,12.36,20.85
Bute,9740,17.12,0.65,0.64,0.62,0.46,1.05,2.68,3.64,2.94,1.75,1.01,1.12,0.57
Caamano,30858,70.34,6.26,3.54,2.34,2.22,4.95,8.74,7.94,6.10,8.53,10.56,5.97,3.18
EVI_N,9709,21.35,2.93,1.99,1.94,1.66,1.89,1.62,0.96,0.38,0.41,1.74,3.69,2.14
EVI_S,6510,12.06,1.97,2.17,1.78,0.68,0.51,0.68,0.48,0.17,0.27,0.38,2.00,0.97
Fraser,235396,104.28,4.66,4.18,4.14,5.51,11.52,21.54,18.32,9.67,7.94,6.34,6.97,3.51
Hakai,32520,42.83,2.90,2.23,1.57,1.12,3.57,7.14,6.62,4.66,4.75,3.51,2.97,1.79
Howe,6234,19.34,0.94,1.23,0.91,1.25,1.72,3.26,3.02,1.87,1.47,1.19,1.97,0.53
JdF,5356,13.91,2.83,2.20,2.00,0.50,0.49,0.38,0.31,0.13,0.25,0.53,2.76,1.53
Jervis,5785,10.70,1.19,1.21,1.03,0.70,0.76,1.20,0.99,0.45,0.38,0.59,1.69,0.53
Knight,19437,34.97,1.91,1.08,1.52,1.17,2.32,5.68,6.55,4.90,3.57,2.33,2.77,1.16
Nass,55242,88.66,5.92,5.20,3.63,4.03,8.78,12.07,11.11,7.59,10.58,8.96,7.51,3.28
Puget,17080,17.81,2.37,1.93,1.78,0.80,1.07,1.82,2.13,1.07,0.83,0.41,2.23,1.37
HG_Dixon,4551,10.37,1.67,1.33,0.92,0.45,0.44,0.37,0.33,0.29,0.77,1.52,1.65,0.62
HG_East,4248,16.56,2.13,1.51,1.46,1.37,0.96,0.75,0.43,0.40,0.86,2.26,2.02,2.40
HG_West,3245,14.70,2.34,1.79,1.49,0.66,0.68,0.84,0.56,0.47,1.09,1.91,2.07,0.81
Skagit,15467,32.23,3.90,2.97,2.93,1.97,2.81,3.55,3.28,1.51,1.33,1.20,4.33,2.45
Skeena,56272,41.85,1.36,0.92,0.71,1.44,6.40,9.70,7.01,3.67,3.93,3.77,2.04,0.91
Stikine,75670,94.53,6.81,6.25,4.69,3.17,5.61,10.77,11.69,8.49,14.28,9.08,8.86,4.83
Toba,3892,8.75,0.50,0.66,0.51,0.59,0.72,1.18,1.08,0.55,0.94,0.77,0.90,0.37
WC,15882,38.11,6.49,5.99,4.77,1.54,1.47,2.17,1.56,0.62,0.93,1.09,7.75,3.72
WVI,16932,53.91,8.30,7.05,5.63,2.18,2.21,6.01,4.56,1.64,2.08,3.24,8.02,2.99
Columbia,685292,229.39,22.55,23.58,24.88,25.17,24.67,25.01,17.28,13.01,9.34,9.29,17.18,17.43
Bute,9740,17.53,0.77,0.48,0.49,0.61,1.77,2.45,3.53,3.18,1.85,1.03,0.72,0.67
Caamano,30858,85.63,7.15,5.60,4.28,5.95,8.30,9.66,8.10,7.81,6.95,9.53,6.54,5.75
EVI_N,9709,20.58,2.74,1.83,1.54,1.80,1.98,1.36,0.77,0.48,0.52,2.15,3.21,2.19
EVI_S,6510,11.04,1.30,1.58,1.11,1.24,1.11,0.48,0.21,0.14,0.23,0.76,1.64,1.22
Fraser,235396,112.82,5.80,3.33,4.53,6.09,16.89,20.24,14.57,11.74,9.97,7.37,6.84,5.45
Hakai,32520,52.75,4.10,2.10,1.91,2.56,6.20,6.43,6.62,6.31,5.11,4.69,2.82,3.90
Howe,6234,20.27,1.16,0.93,0.89,1.29,3.20,2.88,2.38,1.93,1.39,1.69,1.52,1.01
JdF,5356,13.22,2.26,1.53,1.33,1.10,1.20,0.42,0.06,0.07,0.22,1.24,2.10,1.69
Jervis,5785,10.37,1.20,0.94,0.78,0.79,1.18,0.94,0.71,0.46,0.35,0.91,1.30,0.82
Knight,19437,37.78,2.43,0.92,1.27,1.92,4.93,4.32,6.27,5.52,3.75,3.06,1.82,1.57
Nass,55242,103.57,6.70,6.67,5.25,7.04,12.05,11.54,9.70,8.70,8.55,12.35,7.61,7.41
Puget,17080,16.93,1.74,1.39,1.55,1.46,2.53,2.49,0.42,0.60,0.65,0.91,1.83,1.35
HG_Dixon,4551,10.88,1.43,1.37,0.95,0.96,0.72,0.34,0.21,0.29,0.64,1.51,1.43,1.04
HG_East,4248,16.88,2.16,1.60,1.60,1.40,1.07,0.75,0.47,0.40,0.91,2.24,2.09,2.19
HG_West,3245,15.30,1.88,1.69,1.38,1.55,1.26,0.72,0.33,0.48,1.06,1.97,1.80,1.17
Skagit,15467,31.23,2.98,2.30,2.57,2.62,4.34,4.25,1.80,1.21,1.20,1.92,3.71,2.32
Skeena,56272,47.40,1.55,1.50,1.21,2.25,7.79,9.52,6.47,4.71,3.85,4.55,2.24,1.75
Stikine,75670,100.61,6.74,6.06,5.14,4.86,8.77,10.13,8.74,8.55,13.08,12.74,8.36,7.44
Toba,3892,8.91,0.51,0.49,0.36,0.75,1.29,0.99,0.86,0.66,0.95,0.98,0.60,0.47
WC,15882,36.07,5.74,4.40,3.38,2.81,3.27,1.89,0.32,0.35,0.86,3.02,5.95,4.07
WVI,16932,60.01,7.75,6.38,3.90,5.94,7.46,3.35,3.31,1.92,2.54,5.61,6.73,5.12
Columbia,685292,216.90,17.22,18.88,21.44,28.35,26.59,24.32,14.44,11.39,9.82,11.47,17.24,15.73
Bute,9740,15.98,0.28,0.68,0.85,0.75,1.18,2.44,3.19,2.65,1.98,1.32,0.43,0.24
Caamano,30858,68.63,4.40,5.33,4.62,6.32,6.46,7.90,6.42,4.64,4.80,11.01,3.13,3.60
EVI_N,9709,18.43,1.87,1.66,1.90,1.71,1.81,1.59,0.75,0.34,0.48,2.15,2.30,1.87
EVI_S,6510,6.23,0.53,0.64,0.85,0.82,0.38,0.40,0.13,0.13,0.19,0.87,0.55,0.76
Fraser,235396,101.17,2.90,4.42,3.50,7.43,12.90,19.62,13.31,9.77,10.47,9.58,4.31,2.96
Hakai,32520,45.58,1.82,2.98,2.45,3.04,4.28,7.15,6.02,4.32,3.77,6.67,1.66,1.42
Howe,6234,14.73,0.33,0.56,0.65,1.17,1.72,2.08,1.97,1.53,1.53,2.07,0.64,0.48
JdF,5356,8.49,0.73,1.07,1.08,1.21,0.43,0.32,0.06,0.07,0.15,1.56,1.08,0.73
Jervis,5785,6.96,0.36,0.54,0.72,0.62,0.64,0.74,0.58,0.34,0.46,1.00,0.48,0.47
Knight,19437,32.33,0.90,1.25,2.00,2.39,2.86,4.51,5.19,4.27,3.59,3.65,1.13,0.61
Nass,55242,93.32,2.79,7.27,5.72,7.10,10.93,12.67,7.76,6.02,8.92,16.28,4.64,3.24
Puget,17080,11.98,0.59,1.13,1.03,1.11,0.99,2.18,0.47,0.63,0.83,1.34,1.04,0.62
HG_Dixon,4551,8.01,0.59,1.28,0.80,0.65,0.37,0.22,0.11,0.14,0.40,2.00,0.65,0.79
HG_East,4248,16.93,2.53,1.50,1.60,1.43,1.03,0.72,0.39,0.40,0.96,2.13,1.98,2.27
HG_West,3245,10.54,0.78,1.51,1.04,1.01,0.58,0.42,0.20,0.24,0.52,2.58,0.70,0.96
Skagit,15467,24.27,1.43,2.05,1.92,2.02,2.42,3.78,1.76,1.18,1.36,2.47,2.44,1.44
Skeena,56272,45.81,0.97,1.55,1.38,2.64,7.90,10.81,5.88,3.18,3.88,5.11,1.47,1.06
Stikine,75670,84.31,2.93,6.15,4.54,4.73,6.00,9.08,7.08,6.51,12.96,16.30,4.36,3.67
Toba,3892,7.28,0.15,0.52,0.57,0.73,0.74,0.86,0.68,0.39,1.06,1.13,0.25,0.18
WC,15882,22.07,1.73,2.54,2.99,2.34,1.19,1.45,0.31,0.49,0.91,3.73,2.63,1.77
WVI,16932,32.50,2.18,4.03,3.70,4.26,2.56,1.64,0.86,0.81,1.21,6.20,2.23,2.83
Columbia,685292,183.89,11.92,16.53,16.76,23.21,21.33,22.04,14.08,11.70,10.46,11.96,12.32,11.59
Bute,9740,15.12,0.74,0.40,0.38,0.44,1.54,2.27,3.00,2.30,1.60,0.51,1.10,0.84
Caamano,30858,73.69,6.45,3.26,4.99,6.75,8.03,7.83,7.08,4.17,4.35,8.82,7.24,4.72
EVI_N,9709,20.68,3.14,1.49,1.63,1.67,1.93,1.46,0.86,0.35,0.45,1.50,3.43,2.77
EVI_S,6510,11.28,2.07,1.33,1.46,1.13,0.92,0.40,0.24,0.06,0.17,0.22,1.46,1.84
Fraser,235396,105.87,4.95,3.92,4.73,6.62,15.16,19.27,17.35,7.71,9.53,4.28,8.20,4.17
Hakai,32520,47.84,3.29,1.90,2.19,3.00,5.97,6.82,5.91,4.16,3.98,3.18,4.71,2.73
Howe,6234,17.51,0.95,0.72,0.84,1.36,2.74,2.36,2.34,1.46,1.54,0.47,1.52,1.21
JdF,5356,12.95,2.45,2.03,1.45,1.01,1.12,0.21,0.20,0.04,0.19,0.46,2.25,1.54
Jervis,5785,9.57,1.24,0.61,0.78,0.78,0.97,0.86,0.71,0.35,0.44,0.25,1.30,1.30
Knight,19437,35.40,2.41,0.72,1.27,1.79,4.68,5.32,5.36,3.82,3.20,1.61,3.44,1.77
Nass,55242,97.93,6.77,3.92,4.66,7.94,11.95,10.97,8.91,5.26,7.67,12.99,11.31,5.57
Puget,17080,15.11,2.23,2.04,1.11,1.04,1.51,0.83,1.65,0.27,0.90,0.60,1.84,1.09
HG_Dixon,4551,9.99,1.73,0.66,0.84,0.79,0.62,0.17,0.19,0.11,0.43,1.41,1.91,1.13
HG_East,4248,16.55,2.06,1.55,1.60,1.47,1.01,0.88,0.43,0.37,0.96,2.20,1.91,2.11
HG_West,3245,13.42,2.37,0.89,1.30,1.25,1.06,0.36,0.30,0.17,0.64,1.44,2.17,1.46
Skagit,15467,28.78,3.50,3.21,2.06,2.09,3.05,2.54,2.80,1.02,1.41,1.38,3.73,2.00
Skeena,56272,43.86,1.48,0.81,1.21,2.67,7.22,9.57,5.65,2.64,3.16,4.70,3.28,1.44
Stikine,75670,91.01,7.19,5.15,4.93,5.03,7.87,8.83,9.49,5.28,12.54,8.92,9.54,6.24
Toba,3892,7.64,0.54,0.34,0.29,0.56,1.04,0.96,0.89,0.43,0.85,0.29,0.75,0.70
WC,15882,33.21,6.41,4.34,3.09,2.16,3.03,0.91,1.33,0.22,0.97,1.68,5.24,3.82
WVI,16932,58.81,9.26,3.58,5.52,5.69,7.43,4.77,2.50,0.57,1.77,1.81,8.29,7.61
Columbia,685292,205.90,21.61,22.80,17.76,24.97,23.21,20.13,15.87,10.90,10.67,9.42,15.23,13.34
Bute,9740,16.15,0.67,0.32,0.50,0.44,1.50,2.47,3.71,2.93,1.69,0.54,0.49,0.90
Caamano,30858,83.48,6.33,3.87,3.74,6.73,8.19,9.30,6.33,5.42,9.53,8.06,10.26,5.72
EVI_N,9709,19.76,3.06,1.58,1.68,1.63,1.78,1.27,0.93,0.35,0.40,1.50,2.77,2.82
EVI_S,6510,9.90,2.06,1.02,1.44,0.84,0.81,0.31,0.31,0.06,0.05,0.19,1.22,1.58
Fraser,235396,95.09,4.07,3.28,4.93,6.25,14.46,15.66,16.02,10.92,5.18,4.35,5.73,4.23
Hakai,32520,49.59,3.21,2.46,1.92,3.01,5.33,7.11,6.39,5.05,5.14,3.42,3.73,2.80
Howe,6234,15.56,0.98,0.41,0.94,1.06,2.50,2.00,2.76,1.69,0.93,0.51,1.05,0.75
JdF,5356,11.02,2.15,1.15,1.64,1.00,1.01,0.18,0.12,0.04,0.07,0.31,1.28,2.07
Jervis,5785,8.26,1.33,0.44,0.90,0.51,0.90,0.75,0.92,0.37,0.17,0.27,0.89,0.81
Knight,19437,36.81,2.14,0.89,1.31,2.04,4.03,5.56,6.34,4.90,3.81,1.75,2.00,2.04
Nass,55242,102.26,5.90,5.24,5.19,9.35,12.23,13.35,9.68,6.41,9.38,7.33,11.22,6.97
Puget,17080,13.36,1.60,1.18,1.78,1.10,1.81,0.58,1.52,0.33,0.22,0.27,0.64,2.32
HG_Dixon,4551,10.60,1.39,1.02,0.77,1.07,0.74,0.30,0.15,0.24,0.64,0.75,1.61,1.93
HG_East,4248,16.25,2.10,1.57,1.62,1.30,0.93,0.68,0.38,0.36,0.87,2.12,2.11,2.23
HG_West,3245,14.11,1.85,1.28,1.19,1.57,1.18,0.52,0.27,0.40,0.88,0.85,1.72,2.41
Skagit,15467,26.26,2.76,2.09,2.79,2.01,3.42,2.17,2.71,1.03,0.82,1.00,1.69,3.78
Skeena,56272,49.26,1.43,1.09,1.16,2.80,7.99,10.64,6.99,3.53,4.51,3.53,3.99,1.58
Stikine,75670,84.84,5.98,4.76,5.45,5.12,7.48,8.82,9.17,6.44,9.54,6.15,7.74,8.17
Toba,3892,7.39,0.53,0.24,0.39,0.48,1.03,0.93,1.19,0.53,0.76,0.32,0.36,0.63
WC,15882,28.29,5.10,2.99,4.33,2.14,2.87,0.65,0.78,0.23,0.33,0.74,2.88,5.25
WVI,16932,55.82,9.06,5.48,5.12,5.65,6.18,5.16,2.05,0.58,1.56,1.73,6.66,6.58
Columbia,685292,194.79,19.27,15.82,21.02,22.72,21.59,18.67,15.22,10.75,8.44,8.51,11.08,21.69
Bute,9740,17.84,0.55,0.62,0.76,0.42,1.38,2.65,3.52,3.05,2.07,0.94,1.09,0.79
Caamano,30858,81.11,5.31,4.23,4.45,3.29,8.61,8.18,9.54,6.18,7.18,7.78,9.00,7.35
EVI_N,9709,20.98,2.58,1.62,1.91,1.56,1.81,1.43,0.85,0.40,0.64,1.77,3.79,2.61
EVI_S,6510,9.97,1.29,0.63,1.28,1.07,0.95,0.34,0.20,0.09,0.23,0.34,1.85,1.70
Fraser,235396,107.13,3.67,4.36,4.87,7.77,14.77,17.83,15.06,12.10,9.01,5.57,6.93,5.18
Hakai,32520,50.21,2.31,2.76,2.43,1.92,5.57,6.53,7.15,5.80,5.15,3.54,3.96,3.08
Howe,6234,16.16,0.54,0.64,0.92,0.61,2.71,2.22,1.88,1.46,1.32,0.98,1.78,1.11
JdF,5356,12.30,1.52,1.13,1.42,1.55,1.14,0.29,0.15,0.06,0.24,0.82,2.19,1.78
Jervis,5785,8.71,0.73,0.51,0.76,0.30,0.95,0.79,0.64,0.39,0.41,0.48,1.58,1.16
Knight,19437,40.20,1.68,1.23,2.19,1.56,3.70,5.67,6.60,5.57,4.82,2.54,3.06,1.58
Nass,55242,99.50,5.70,4.66,5.75,6.85,12.24,12.18,9.89,6.95,9.88,9.63,8.98,6.78
Puget,17080,15.21,1.25,0.79,1.91,1.89,1.84,1.67,1.12,0.30,0.70,0.66,1.89,1.17
HG_Dixon,4551,9.48,1.32,0.57,1.12,0.82,0.57,0.37,0.28,0.16,0.55,1.00,1.68,1.03
HG_East,4248,17.17,2.10,1.78,1.56,1.33,1.16,0.67,0.43,0.46,0.86,2.27,2.11,2.45
HG_West,3245,13.15,1.75,0.64,1.68,1.25,0.97,0.77,0.45,0.26,0.83,1.27,2.04,1.25
Skagit,15467,28.38,2.33,1.65,3.09,3.00,3.28,3.27,2.12,0.96,1.18,1.53,3.83,2.14
Skeena,56272,48.69,1.48,1.10,1.20,1.97,8.45,11.00,6.96,3.68,4.46,3.70,2.75,1.93
Stikine,75670,93.63,5.21,4.67,5.62,4.98,7.92,9.07,9.13,7.12,13.96,9.24,9.04,7.66
Toba,3892,8.41,0.36,0.45,0.50,0.39,0.95,1.05,0.89,0.60,1.05,0.69,0.84,0.64
WC,15882,30.98,3.65,2.25,4.31,2.93,3.22,1.32,0.96,0.30,0.95,1.65,5.55,3.88
WVI,16932,54.99,6.00,4.87,5.67,4.63,6.45,3.01,1.97,1.17,2.88,2.96,9.44,5.95
Columbia,685292,199.47,18.82,13.33,21.45,28.75,22.20,20.23,13.86,10.63,9.67,9.11,17.05,14.35
Bute,9740,17.12,0.51,0.34,0.44,0.69,1.52,2.52,3.61,3.03,1.48,1.17,1.08,0.73
Caamano,30858,70.59,7.12,1.47,2.75,2.42,5.15,6.99,7.08,3.78,2.44,10.71,11.16,9.52
EVI_N,9709,19.18,2.40,1.47,1.57,1.62,1.82,1.42,0.93,0.51,0.34,1.89,2.97,2.25
EVI_S,6510,9.05,1.52,0.87,1.43,0.84,0.54,0.51,0.36,0.21,0.08,0.47,1.01,1.21
Fraser,235396,107.10,5.01,2.85,4.15,5.59,16.02,18.80,16.03,13.87,4.24,6.29,8.73,5.52
Hakai,32520,44.14,3.65,0.90,1.60,1.86,3.98,6.11,6.30,4.55,1.99,4.56,4.58,4.06
Howe,6234,19.07,0.87,0.50,0.95,0.92,3.06,2.81,2.99,2.17,0.91,1.67,1.53,0.68
JdF,5356,12.01,2.30,0.86,1.61,1.06,0.56,0.28,0.18,0.11,0.07,0.89,2.43,1.66
Jervis,5785,9.14,0.89,0.53,0.83,0.58,1.04,0.98,0.94,0.59,0.18,0.83,1.10,0.67
Knight,19437,35.32,1.95,0.57,1.20,2.01,3.21,5.01,6.26,4.79,2.69,3.05,2.97,1.60
Nass,55242,94.20,8.53,2.20,4.34,4.42,8.63,10.46,9.08,8.58,5.10,10.05,12.92,9.90
Puget,17080,13.83,1.50,0.93,1.97,1.45,1.67,0.79,1.04,0.99,0.20,0.74,1.39,1.16
HG_Dixon,4551,8.38,1.61,0.34,0.71,0.52,0.31,0.30,0.14,0.14,0.21,0.93,1.60,1.56
HG_East,4248,16.79,1.93,1.50,1.64,1.32,0.92,0.65,0.41,0.40,0.79,2.71,2.19,2.34
HG_West,3245,10.78,1.94,0.41,1.13,0.84,0.51,0.66,0.26,0.22,0.23,1.21,1.68,1.69
Skagit,15467,27.17,2.80,1.72,3.05,2.68,3.38,2.35,2.32,1.45,0.79,1.66,2.95,2.03
Skeena,56272,46.30,2.06,0.59,0.92,1.71,7.17,9.90,6.75,3.97,2.19,3.78,4.44,2.82
Stikine,75670,85.74,6.94,2.92,4.86,3.57,6.18,8.52,8.91,8.80,5.75,10.63,9.92,8.74
Toba,3892,8.64,0.33,0.30,0.34,0.70,1.11,1.09,1.17,0.80,0.67,0.99,0.67,0.47
WC,15882,29.20,4.76,2.40,4.16,2.11,1.62,1.25,1.40,0.67,0.27,2.14,4.99,3.43
WVI,16932,45.06,7.43,2.18,4.10,3.93,2.62,4.46,3.66,1.38,0.71,3.57,6.78,4.25
Columbia,685292,196.40,18.87,13.97,24.06,24.42,22.82,20.31,14.92,12.72,8.50,10.10,12.67,13.03
Bute,9740,20.14,0.64,0.60,0.45,0.67,1.69,3.09,3.48,3.38,1.75,1.72,1.46,1.22
Caamano,30858,78.33,6.28,4.08,4.07,3.23,5.20,8.38,7.34,5.94,3.65,13.04,9.24,7.90
EVI_N,9709,21.06,2.69,1.58,1.47,1.62,1.92,1.55,0.70,0.44,0.32,2.31,3.72,2.74
EVI_S,6510,10.63,2.11,0.98,0.80,0.74,0.75,0.62,0.20,0.13,0.05,0.71,1.67,1.87
Fraser,235396,119.92,5.44,4.56,3.63,6.74,17.59,24.97,17.15,10.83,4.25,8.58,9.48,6.71
Hakai,32520,51.16,3.44,2.23,1.67,1.94,4.52,7.63,6.27,5.59,2.12,6.74,5.21,3.80
Howe,6234,19.30,1.13,0.77,0.57,1.05,2.46,3.38,2.28,1.85,0.96,1.43,1.77,1.65
JdF,5356,15.27,3.03,2.30,0.98,0.86,0.69,0.47,0.08,0.14,0.06,1.42,3.08,2.15
Jervis,5785,9.93,1.30,0.56,0.51,0.61,0.96,1.09,0.65,0.41,0.18,0.77,1.36,1.53
Knight,19437,41.96,2.00,1.07,1.16,1.74,3.79,6.44,5.40,5.80,3.18,4.95,4.19,2.25
Nass,55242,110.92,8.09,5.08,4.39,5.25,12.10,16.22,9.57,7.84,2.60,17.01,11.35,11.41
Puget,17080,18.71,2.89,2.05,0.95,1.28,1.77,2.42,0.83,1.23,0.20,1.35,2.25,1.50
HG_Dixon,4551,9.38,1.34,0.62,0.60,0.47,0.42,0.33,0.08,0.22,0.29,2.09,1.29,1.64
HG_East,4248,16.80,2.14,1.59,1.77,1.44,0.88,0.66,0.50,0.40,0.94,2.26,2.03,2.19
HG_West,3245,12.07,1.70,0.73,0.77,0.68,0.70,0.64,0.13,0.38,0.47,2.69,1.43,1.76
Skagit,15467,33.73,4.42,3.05,1.74,2.41,3.79,4.20,2.26,1.65,0.79,2.52,4.31,2.59
Skeena,56272,54.90,1.76,1.07,1.23,1.79,9.79,14.21,7.65,3.89,1.47,5.84,3.39,2.81
Stikine,75670,99.56,7.85,5.83,3.94,3.89,7.25,11.26,8.47,8.65,4.94,16.37,10.60,10.52
Toba,3892,9.53,0.48,0.46,0.29,0.70,1.14,1.30,0.72,0.64,0.71,1.23,0.92,0.94
WC,15882,40.02,7.54,5.87,2.76,2.04,1.78,2.45,0.45,0.75,0.28,3.57,7.85,4.69
WVI,16932,53.34,7.41,4.40,2.94,2.95,3.44,6.30,1.02,1.41,0.67,6.52,9.47,6.81
Columbia,685292,211.56,25.70,19.95,14.66,26.71,23.44,22.54,14.83,12.74,8.36,12.34,14.62,15.68
Bute,9740,19.65,0.48,0.46,0.55,0.48,1.47,3.29,4.35,3.95,2.00,1.03,1.08,0.51
Caamano,30858,79.15,4.80,4.37,2.72,2.74,6.04,8.20,9.45,8.34,3.72,7.33,11.40,10.05
EVI_N,9709,19.84,2.26,1.73,1.45,1.73,1.75,1.62,0.88,0.57,0.25,1.58,3.51,2.51
EVI_S,6510,9.98,1.39,1.63,0.76,1.25,0.42,0.47,0.37,0.26,0.05,0.18,1.46,1.73
Fraser,235396,113.35,4.07,3.85,4.02,6.12,15.55,23.96,19.34,12.48,4.59,6.81,7.92,4.66
Hakai,32520,45.12,2.04,1.97,1.44,1.49,3.94,6.91,7.73,6.43,2.32,3.15,3.81,3.89
Howe,6234,18.58,0.65,0.84,0.72,1.38,2.30,3.30,2.81,2.37,1.05,0.80,1.59,0.77
JdF,5356,12.23,2.09,2.12,1.04,1.53,0.68,0.24,0.18,0.19,0.06,0.34,1.83,1.93
Jervis,5785,8.88,0.73,0.80,0.66,0.77,0.77,1.13,0.85,0.58,0.18,0.41,1.30,0.69
Knight,19437,38.48,1.27,0.93,1.22,1.38,3.26,5.59,7.57,6.84,3.52,2.16,3.03,1.70
Nass,55242,108.88,4.64,6.46,4.12,5.83,10.62,14.63,11.57,10.02,4.42,13.39,13.01,10.15
Puget,17080,15.50,1.31,1.85,1.43,2.12,1.58,1.79,0.71,1.19,0.20,0.40,1.60,1.32
HG_Dixon,4551,8.97,0.60,0.93,0.52,0.53,0.39,0.18,0.17,0.31,0.24,1.03,1.98,2.09
HG_East,4248,17.69,2.63,1.55,1.56,1.39,1.17,0.83,0.45,0.42,1.02,2.23,2.11,2.33
HG_West,3245,11.06,0.68,1.12,0.64,0.79,0.64,0.28,0.28,0.53,0.32,1.08,2.18,2.51
Skagit,15467,30.10,2.37,2.78,2.42,3.24,3.59,3.96,2.29,1.59,0.80,1.21,3.46,2.41
Skeena,56272,53.52,1.20,1.34,0.99,1.79,8.52,12.15,7.90,4.70,1.95,5.64,4.44,2.89
Stikine,75670,92.61,4.81,6.28,3.99,4.49,6.65,10.43,10.33,10.76,5.70,9.45,10.50,9.22
Toba,3892,8.44,0.32,0.43,0.38,0.63,0.90,1.30,1.03,0.85,0.83,0.68,0.75,0.34
WC,15882,31.09,4.39,5.38,2.59,3.76,1.77,1.12,0.51,1.09,0.28,0.78,5.39,4.04
WVI,16932,48.51,4.65,5.83,2.27,4.01,3.25,2.28,3.75,3.08,0.64,1.48,8.54,8.72
Columbia,685292,207.43,16.10,17.82,19.41,29.60,25.86,22.95,15.06,12.52,8.37,9.38,15.37,15.01
Bute,9740,16.68,0.80,0.49,0.25,0.64,1.13,2.70,3.17,2.94,1.93,0.95,0.95,0.74
Caamano,30858,80.42,6.96,3.69,2.83,4.15,7.08,7.56,6.56,5.13,11.21,9.74,8.82,6.67
EVI_N,9709,19.88,3.23,1.66,1.19,1.66,1.51,1.50,0.70,0.44,0.55,1.94,3.10,2.41
EVI_S,6510,9.54,2.60,1.14,0.42,1.21,0.35,0.51,0.27,0.15,0.16,0.53,1.14,1.07
Fraser,235396,106.11,5.41,3.54,2.86,7.58,13.45,18.60,15.72,9.66,10.57,6.67,7.36,4.68
Hakai,32520,47.07,3.51,2.10,0.97,2.02,4.32,6.09,5.42,5.00,6.54,4.06,3.79,3.26
Howe,6234,16.80,1.20,0.57,0.38,1.36,1.48,3.26,2.23,1.64,1.40,1.25,1.36,0.66
JdF,5356,11.26,3.44,1.17,0.48,1.53,0.24,0.33,0.15,0.10,0.24,0.69,1.57,1.31
Jervis,5785,8.73,1.48,0.63,0.34,0.74,0.59,1.08,0.62,0.40,0.36,0.65,1.12,0.71
Knight,19437,35.94,2.47,0.92,0.64,1.76,3.17,5.27,5.16,5.21,4.32,2.91,2.58,1.53
Nass,55242,105.16,8.22,3.89,2.86,8.75,12.19,15.14,11.35,6.44,11.55,10.75,8.84,5.18
Puget,17080,14.14,1.95,1.27,0.48,1.75,0.50,1.76,1.87,0.61,0.76,0.51,1.29,1.38
HG_Dixon,4551,8.12,1.50,0.82,0.43,0.81,0.44,0.17,0.12,0.15,0.73,1.17,1.14,0.63
HG_East,4248,18.76,2.16,1.59,1.96,1.41,1.04,0.77,0.39,0.44,0.93,2.40,2.40,3.26
HG_West,3245,10.73,1.92,1.13,0.58,1.10,0.69,0.31,0.20,0.26,1.07,1.48,1.25,0.74
Skagit,15467,26.84,3.15,2.18,1.25,2.87,1.85,3.50,2.91,1.19,1.28,1.35,2.81,2.52
Skeena,56272,55.29,1.80,0.95,0.89,2.62,9.88,13.40,7.96,3.39,5.23,4.54,2.95,1.69
Stikine,75670,93.26,7.86,4.74,2.59,5.44,5.88,9.82,9.52,6.77,15.32,10.62,8.12,6.58
Toba,3892,8.06,0.61,0.41,0.16,0.73,0.71,1.25,0.73,0.58,0.96,0.77,0.65,0.51
WC,15882,28.40,7.61,2.79,1.17,3.98,0.65,0.96,0.53,0.50,0.87,1.79,4.01,3.53
WVI,16932,46.97,10.54,4.34,1.44,4.17,3.03,2.77,0.96,1.72,2.46,4.79,6.14,4.61
Columbia,685292,196.36,19.28,16.71,11.99,30.59,19.83,20.32,15.34,11.12,9.79,10.02,13.82,17.57
Bute,9740,14.33,0.42,0.22,0.33,0.84,1.52,2.30,2.82,2.59,1.35,0.67,0.59,0.69
Caamano,30858,69.88,4.37,4.28,3.02,4.55,8.10,6.85,7.62,5.56,2.31,7.94,9.66,5.60
EVI_N,9709,18.97,2.30,1.19,1.55,1.82,1.94,1.51,0.99,0.51,0.32,1.61,2.47,2.74
EVI_S,6510,9.95,1.37,0.45,1.56,1.48,1.00,0.54,0.40,0.19,0.06,0.27,0.50,2.13
Fraser,235396,96.90,3.52,2.44,3.85,7.95,14.06,20.77,15.52,9.81,4.07,5.18,5.53,4.20
Hakai,32520,38.30,1.20,0.76,1.04,2.46,5.21,5.77,5.02,5.34,1.97,3.38,4.24,1.91
Howe,6234,14.51,0.67,0.34,0.76,1.39,2.14,2.15,2.29,1.46,0.79,0.79,0.68,1.06
JdF,5356,10.55,1.80,0.54,1.67,1.56,1.09,0.35,0.19,0.07,0.06,0.52,0.85,1.84
Jervis,5785,7.78,0.81,0.30,0.67,0.89,0.87,0.80,0.77,0.41,0.19,0.39,0.49,1.19
Knight,19437,29.60,1.05,0.46,0.88,2.07,4.31,4.59,4.29,4.39,2.41,1.75,2.08,1.32
Nass,55242,77.11,3.59,4.43,4.11,5.76,9.59,11.85,8.40,6.05,4.00,6.27,8.49,4.57
Puget,17080,14.89,1.15,0.49,1.32,2.15,1.92,2.51,2.15,0.45,0.20,0.39,0.51,1.65
HG_Dixon,4551,5.83,0.56,0.52,0.74,0.53,0.35,0.32,0.12,0.10,0.18,0.70,1.05,0.67
HG_East,4248,18.68,2.40,2.21,1.56,1.54,1.22,0.65,0.45,0.46,0.86,2.44,2.00,2.88
HG_West,3245,7.86,0.58,0.48,1.16,0.86,0.62,0.70,0.21,0.19,0.22,0.97,1.00,0.87
Skagit,15467,26.67,2.22,1.24,2.23,3.18,3.45,4.05,2.98,1.07,0.80,1.18,1.48,2.79
Skeena,56272,42.17,1.10,1.27,0.96,2.03,7.45,10.24,6.69,3.22,1.69,2.73,3.46,1.32
Stikine,75670,74.15,3.98,3.45,4.36,5.20,7.31,9.28,9.12,6.72,5.02,7.06,5.95,6.70
Toba,3892,7.11,0.31,0.15,0.26,0.93,1.06,0.99,0.87,0.58,0.59,0.47,0.31,0.61
WC,15882,27.45,3.46,1.25,3.55,4.23,2.77,2.25,1.03,0.31,0.28,1.17,1.88,5.28
WVI,16932,45.96,5.01,1.68,4.68,5.53,7.47,4.49,1.69,2.49,0.65,1.76,3.56,6.95
Columbia,685292,197.81,16.79,11.44,20.45,31.85,23.75,22.14,15.41,11.28,8.41,9.01,9.94,17.33
Bute,9740,16.11,0.62,0.46,0.46,0.54,0.83,2.46,2.98,3.01,1.56,1.51,0.98,0.71
Caamano,30858,88.39,5.55,4.28,3.82,5.82,8.78,8.27,7.07,6.04,10.75,10.87,10.31,6.82
EVI_N,9709,20.35,2.36,1.74,1.48,1.64,1.48,1.55,0.72,0.57,0.52,2.14,3.35,2.80
EVI_S,6510,10.54,1.15,1.80,1.21,0.86,0.52,0.61,0.19,0.12,0.21,0.57,1.15,2.16
Fraser,235396,105.45,5.09,4.68,3.83,6.57,13.55,21.73,14.56,10.22,7.25,6.91,6.54,4.52
Hakai,32520,51.17,2.72,2.24,1.91,2.69,4.20,6.42,5.94,5.73,6.30,5.49,4.27,3.26
Howe,6234,15.13,0.69,0.72,0.71,0.85,1.36,2.47,2.20,1.53,1.05,1.35,1.21,0.98
JdF,5356,13.15,1.47,2.32,1.62,0.81,0.52,0.49,0.08,0.04,0.24,1.09,1.93,2.54
Jervis,5785,8.21,0.86,0.62,0.65,0.54,0.55,0.93,0.72,0.45,0.25,0.74,0.97,0.92
Knight,19437,36.23,1.53,1.00,1.40,1.87,2.20,4.67,4.99,5.40,3.89,4.28,3.10,1.89
Nass,55242,103.95,6.51,5.49,5.09,7.41,10.77,12.58,8.90,6.54,10.06,12.15,10.52,7.94
Puget,17080,14.34,1.09,1.76,1.11,1.23,1.07,1.72,0.71,0.35,0.44,1.20,1.49,2.19
HG_Dixon,4551,7.17,1.07,0.88,0.67,0.61,0.53,0.29,0.22,0.10,0.30,0.78,0.99,0.74
HG_East,4248,20.13,2.15,1.58,1.68,1.33,1.04,0.70,0.39,0.38,1.43,3.46,2.56,3.42
HG_West,3245,9.25,1.18,1.12,0.93,0.88,0.82,0.54,0.37,0.14,0.39,0.95,1.01,0.92
Skagit,15467,27.41,2.10,2.69,1.94,2.26,2.57,3.17,1.81,1.01,0.94,2.36,3.21,3.33
Skeena,56272,51.52,1.71,1.15,1.23,2.81,8.44,11.35,6.70,4.04,4.54,4.19,3.43,1.93
Stikine,75670,94.67,5.65,6.39,4.53,4.75,6.23,9.33,7.71,6.62,12.61,13.03,8.80,9.02
Toba,3892,7.76,0.41,0.38,0.31,0.57,0.52,1.09,0.76,0.77,0.66,1.15,0.62,0.53
WC,15882,35.23,4.00,5.05,3.07,2.13,1.57,2.00,0.63,0.32,0.67,2.65,5.39,7.75
WVI,16932,54.19,4.26,6.72,3.70,4.05,3.60,4.80,1.17,1.51,2.85,4.83,8.19,8.51
Columbia,685292,193.77,17.15,19.17,16.07,23.53,19.35,19.65,12.90,10.47,9.13,12.10,15.30,18.94
Bute,9740,16.79,0.45,0.36,0.49,0.44,0.88,2.39,3.69,3.22,1.36,1.46,1.36,0.69
Caamano,30858,65.08,2.66,3.16,3.02,3.39,4.27,5.69,8.17,6.41,2.74,12.14,7.28,6.14
EVI_N,9709,21.76,2.69,1.46,1.82,1.66,1.98,1.51,0.97,0.55,0.27,2.29,3.97,2.60
EVI_S,6510,12.76,2.14,1.24,1.81,0.89,0.55,0.48,0.37,0.22,0.09,0.73,1.92,2.32
Fraser,235396,107.68,3.81,3.80,3.96,6.90,11.10,18.66,18.40,13.39,4.44,8.25,9.61,5.37
Hakai,32520,42.08,1.35,1.65,1.42,1.88,2.76,5.44,7.00,6.21,1.78,5.69,4.16,2.75
Howe,6234,16.53,0.84,0.69,0.75,0.81,1.53,2.09,2.56,1.88,0.84,1.65,1.72,1.17
JdF,5356,14.54,1.93,2.13,1.63,0.92,0.28,0.30,0.24,0.17,0.13,1.35,3.08,2.37
Jervis,5785,9.71,1.20,0.50,0.91,0.55,0.70,0.84,0.86,0.54,0.16,0.85,1.43,1.17
Knight,19437,35.41,1.05,0.72,1.22,1.22,1.85,4.60,6.94,5.69,2.58,4.22,3.85,1.48
Nass,55242,90.33,3.62,3.49,4.85,5.07,7.62,11.79,10.70,8.69,4.01,11.50,12.06,6.92
Puget,17080,17.60,1.57,1.72,1.61,1.27,1.03,1.32,1.93,1.19,0.53,1.18,2.30,1.95
HG_Dixon,4551,9.05,1.02,0.84,1.04,0.61,0.23,0.21,0.19,0.23,0.27,1.44,1.71,1.27
HG_East,4248,16.50,1.99,1.51,1.54,1.32,1.02,0.65,0.48,0.41,0.91,2.27,1.95,2.45
HG_West,3245,12.52,1.42,1.21,1.56,0.92,0.35,0.41,0.30,0.40,0.42,1.92,1.98,1.64
Skagit,15467,32.41,2.88,2.71,2.61,2.44,2.88,3.19,3.15,1.58,1.09,2.27,4.54,3.08
Skeena,56272,42.43,0.79,0.77,1.05,1.75,6.44,9.96,6.81,4.03,1.62,4.01,3.44,1.76
Stikine,75670,93.94,4.68,4.79,4.97,3.85,4.86,9.39,10.73,9.82,6.96,13.89,11.27,8.74
Toba,3892,8.50,0.41,0.28,0.42,0.50,0.65,0.97,1.15,0.86,0.58,1.17,0.92,0.58
WC,15882,36.95,5.15,4.24,3.67,2.32,0.81,1.29,0.99,1.09,0.76,3.10,7.74,5.80
WVI,16932,53.80,5.92,4.07,4.42,3.28,2.12,3.12,3.54,1.80,1.07,6.62,10.93,6.90
Columbia,685292,228.77,22.21,18.05,21.09,28.69,24.51,24.93,16.86,13.09,9.81,11.55,17.31,20.67
Bute,9740,18.25,0.66,0.37,0.32,0.82,1.22,2.68,3.54,3.57,2.26,1.25,1.04,0.52
Caamano,30858,74.61,5.11,2.73,2.87,7.77,5.59,9.07,6.80,7.26,5.84,10.86,5.71,4.99
EVI_N,9709,19.93,2.60,1.53,1.30,1.95,1.91,1.38,0.81,0.50,0.62,2.06,2.82,2.45
EVI_S,6510,10.39,1.57,1.15,0.70,1.53,0.89,0.30,0.27,0.09,0.23,0.73,0.81,2.12
Fraser,235396,120.22,4.99,3.41,3.28,8.10,17.49,21.58,18.01,12.71,9.61,8.13,8.01,4.92
Hakai,32520,49.29,3.58,1.31,1.35,3.61,4.15,6.96,5.86,6.31,5.13,5.25,2.87,2.92
Howe,6234,18.01,0.86,0.52,0.51,1.70,2.58,2.23,2.22,1.81,1.48,1.98,1.24,0.87
JdF,5356,14.08,2.49,1.91,0.71,1.78,0.92,0.18,0.12,0.06,0.19,1.41,1.58,2.72
Jervis,5785,8.99,0.93,0.45,0.49,0.99,0.97,0.80,0.69,0.45,0.45,0.92,0.97,0.90
Knight,19437,38.61,2.32,0.77,0.83,2.77,2.82,5.11,5.84,6.33,4.54,3.49,2.37,1.43
Nass,55242,100.08,6.10,5.32,3.62,9.20,10.12,12.52,9.99,7.40,7.77,13.31,8.11,6.63
Puget,17080,18.29,1.84,2.47,0.71,2.19,2.18,0.73,1.16,0.49,0.72,1.27,1.43,3.10
HG_Dixon,4551,9.01,1.24,0.75,0.61,0.91,0.43,0.23,0.16,0.15,0.42,1.50,1.20,1.41
HG_East,4248,16.80,1.90,1.51,1.59,1.45,1.00,0.82,0.40,0.49,0.90,2.40,2.04,2.29
HG_West,3245,12.41,1.68,0.82,0.84,1.46,0.73,0.44,0.27,0.21,0.62,2.06,1.34,1.92
Skagit,15467,33.43,3.11,3.57,1.52,3.44,4.08,2.67,2.57,1.17,1.23,2.37,3.07,4.64
Skeena,56272,49.37,1.41,1.06,0.95,3.16,8.13,11.30,7.53,3.89,2.87,4.71,2.90,1.48
Stikine,75670,101.03,6.46,5.52,3.20,6.50,7.53,9.67,9.47,7.85,12.66,15.01,7.87,9.29
Toba,3892,8.67,0.41,0.29,0.21,0.92,0.91,0.97,0.84,0.78,1.21,1.05,0.66,0.42
WC,15882,37.04,5.54,4.91,1.51,4.25,2.28,0.82,0.65,0.44,0.87,3.64,4.26,7.88
WVI,16932,50.38,7.44,3.85,2.52,7.04,4.12,2.37,1.88,1.81,2.38,5.84,3.97,7.16
Columbia,685292,242.93,23.37,23.59,14.56,35.25,29.38,24.25,16.62,11.89,10.11,12.33,15.99,25.60
Bute,9740,16.83,0.48,0.44,0.54,0.22,1.09,2.66,3.57,2.78,2.01,1.73,0.63,0.69
Caamano,30858,87.17,5.65,5.06,5.30,5.53,6.12,10.04,8.70,5.81,5.76,10.98,7.38,10.84
EVI_N,9709,20.90,2.35,1.44,1.86,1.63,1.83,1.61,0.89,0.48,0.69,2.41,2.85,2.86
EVI_S,6510,12.35,1.89,0.71,2.08,1.50,1.10,0.70,0.30,0.22,0.30,0.81,0.95,1.78
Fraser,235396,121.38,5.36,3.72,5.67,7.32,16.13,23.77,21.21,10.44,9.32,8.65,5.55,4.23
Hakai,32520,53.34,2.56,2.67,2.76,2.36,4.80,7.68,7.22,5.48,4.09,5.75,3.50,4.49
Howe,6234,19.45,1.09,0.57,1.31,1.20,2.51,3.40,2.70,1.86,1.53,1.80,0.71,0.78
JdF,5356,15.49,3.19,1.22,2.45,1.50,1.04,0.58,0.29,0.17,0.33,1.46,1.24,2.04
Jervis,5785,9.58,1.09,0.46,1.20,0.68,0.96,1.12,0.78,0.43,0.42,0.98,0.60,0.85
Knight,19437,39.42,1.46,0.90,1.69,1.24,3.40,5.75,6.52,5.10,4.32,4.79,2.17,2.08
Nass,55242,106.10,7.00,5.34,6.75,7.30,10.55,15.09,11.72,6.83,8.02,14.34,4.95,8.22
Puget,17080,18.61,2.24,1.21,2.12,1.50,1.70,2.58,1.93,0.80,1.03,1.35,0.94,1.20
HG_Dixon,4551,9.86,1.24,0.83,1.28,0.69,0.35,0.40,0.32,0.22,0.59,1.51,0.82,1.60
HG_East,4248,17.40,2.18,1.68,1.55,1.43,1.12,0.67,0.41,0.40,0.93,2.23,2.24,2.56
HG_West,3245,13.77,1.55,0.94,1.99,1.07,0.62,0.77,0.54,0.41,0.96,1.86,0.97,2.11
Skagit,15467,32.64,3.64,2.14,3.20,2.54,3.52,4.65,3.23,1.39,1.48,2.51,2.17,2.18
Skeena,56272,51.97,1.61,1.20,1.38,2.57,8.30,12.70,8.28,3.73,3.24,4.75,1.84,2.38
Stikine,75670,108.43,7.06,4.86,6.92,5.21,7.47,12.02,11.83,8.29,14.95,15.64,5.55,8.64
Toba,3892,8.37,0.35,0.32,0.46,0.36,0.82,1.19,0.97,0.52,1.08,1.41,0.38,0.49
WC,15882,39.27,7.10,2.95,5.86,3.27,2.58,2.48,1.58,0.93,1.40,3.68,3.19,4.25
WVI,16932,67.43,6.88,3.25,6.86,5.74,6.52,6.29,3.70,2.58,3.23,6.52,5.71,10.15
Columbia,685292,228.62,23.06,15.37,25.39,31.04,27.13,26.72,17.94,13.07,10.82,12.47,11.46,14.16
Bute,9740,17.03,0.66,0.54,0.43,0.43,1.35,2.58,3.43,2.90,1.58,1.03,1.22,0.90
Caamano,30858,74.95,3.51,3.38,2.11,6.11,4.59,6.12,8.60,8.03,6.04,11.61,5.09,9.76
EVI_N,9709,21.79,3.09,1.95,1.48,1.55,2.01,1.63,0.94,0.34,0.22,2.01,3.69,2.90
EVI_S,6510,11.87,2.39,1.73,0.85,0.41,0.55,0.40,0.38,0.06,0.05,0.52,1.92,2.60
Fraser,235396,97.98,4.00,3.09,4.47,5.62,13.23,17.42,15.59,8.77,5.31,7.66,6.83,5.99
Hakai,32520,45.69,2.13,1.28,1.47,2.37,4.07,5.49,6.54,5.74,3.25,5.64,2.92,4.78
Howe,6234,14.84,0.69,0.54,0.64,0.59,2.02,1.93,1.99,1.40,0.79,1.26,1.59,1.39
JdF,5356,14.62,2.94,1.51,1.25,0.38,0.57,0.21,0.23,0.04,0.07,0.68,3.09,3.64
Jervis,5785,9.12,1.11,0.76,0.60,0.33,0.74,0.84,0.73,0.37,0.18,0.66,1.50,1.30
Knight,19437,36.72,1.95,0.89,1.12,1.41,3.25,5.15,6.35,5.26,3.22,2.95,3.03,2.13
Nass,55242,86.36,5.81,3.67,3.95,4.65,8.44,10.97,9.02,7.43,3.78,10.52,7.93,10.19
Puget,17080,16.71,2.34,1.47,1.36,0.75,2.02,1.38,1.17,0.27,0.20,0.65,2.18,2.95
HG_Dixon,4551,8.78,1.71,1.19,0.74,0.45,0.29,0.18,0.19,0.20,0.17,1.05,1.07,1.53
HG_East,4248,17.94,1.97,1.63,1.41,1.70,0.99,0.78,0.46,0.46,1.22,2.58,2.24,2.50
HG_West,3245,12.11,2.31,1.60,1.06,0.73,0.50,0.30,0.37,0.32,0.26,1.47,1.26,1.95
Skagit,15467,31.98,3.66,2.45,2.29,1.89,4.09,3.16,2.58,1.02,0.80,1.44,4.21,4.39
Skeena,56272,41.48,1.13,0.85,0.83,2.01,6.38,8.96,6.34,4.08,2.05,4.41,1.93,2.52
Stikine,75670,88.49,6.36,4.65,4.19,3.29,6.34,9.01,9.76,7.05,6.15,11.30,8.75,11.65
Toba,3892,8.05,0.50,0.52,0.31,0.37,0.86,1.03,0.89,0.50,0.64,0.83,0.90,0.69
WC,15882,38.10,7.39,4.12,3.31,1.04,1.68,0.86,0.96,0.22,0.28,1.79,7.84,8.62
WVI,16932,52.63,8.55,6.17,3.19,1.89,3.04,2.32,3.69,0.88,0.90,3.92,8.01,10.06
Columbia,685292,216.31,24.25,18.22,18.91,22.64,25.29,21.43,14.63,10.93,8.74,10.16,17.15,23.95
Bute,9740,19.78,0.85,0.57,0.43,0.38,1.80,3.16,3.97,3.95,2.20,0.85,0.77,0.83
Caamano,30858,90.76,7.29,5.21,3.53,6.22,9.72,10.37,8.06,8.82,6.64,8.50,9.20,7.19
EVI_N,9709,21.65,3.04,2.09,1.78,1.55,2.04,1.58,0.84,0.53,0.39,1.84,3.33,2.64
EVI_S,6510,12.55,2.31,2.10,1.82,0.69,0.67,0.57,0.22,0.12,0.08,0.55,1.49,1.94
Fraser,235396,121.00,5.50,4.28,3.91,6.49,17.93,25.34,20.80,12.53,7.00,5.32,7.03,4.86
Hakai,32520,52.77,3.49,2.13,1.68,2.71,6.04,8.25,6.53,7.29,4.92,3.58,3.27,2.89
Howe,6234,17.86,0.96,0.90,0.74,0.75,2.42,3.19,2.68,2.04,1.07,1.08,1.11,0.92
JdF,5356,15.67,3.07,2.73,1.75,0.58,0.66,0.37,0.14,0.13,0.08,1.14,2.22,2.81
Jervis,5785,9.81,1.35,0.87,0.93,0.43,1.03,1.17,0.80,0.48,0.22,0.56,0.97,0.98
Knight,19437,41.05,2.38,1.15,1.24,1.56,4.52,6.15,6.25,7.03,4.47,2.36,2.34,1.62
Nass,55242,106.18,5.94,7.26,3.93,5.40,13.89,14.73,10.14,9.26,6.49,11.90,8.78,8.47
Puget,17080,16.83,2.15,2.48,1.41,0.58,1.53,1.43,1.38,0.97,0.21,0.79,1.88,2.02
HG_Dixon,4551,9.58,0.94,1.41,0.94,0.49,0.67,0.24,0.12,0.25,0.40,1.41,1.45,1.26
HG_East,4248,17.82,2.46,1.61,1.65,1.63,1.02,0.81,0.47,0.43,0.90,2.11,2.26,2.47
HG_West,3245,12.79,1.22,1.83,1.50,0.68,1.05,0.44,0.21,0.44,0.56,1.68,1.77,1.42
Skagit,15467,31.36,3.40,3.62,2.32,1.65,3.39,3.24,2.80,1.54,0.80,1.71,3.66,3.22
Skeena,56272,51.53,1.41,1.40,0.89,2.25,9.43,11.93,7.34,5.01,3.04,3.93,2.80,2.09
Stikine,75670,100.13,7.04,7.67,4.62,3.53,8.45,11.65,10.46,9.93,8.26,10.91,8.88,8.76
Toba,3892,9.30,0.62,0.54,0.38,0.39,1.24,1.36,0.98,0.87,1.06,0.69,0.56,0.62
WC,15882,39.83,6.50,6.32,4.17,1.31,2.07,1.71,0.79,0.66,0.28,2.35,6.55,7.13
WVI,16932,56.49,8.26,8.57,5.40,3.31,4.31,4.52,0.97,1.98,1.29,3.39,7.66,6.83
Columbia,685292,223.05,21.98,24.45,18.90,22.77,27.57,25.07,16.66,13.23,8.51,10.36,15.68,17.85
Bute,9740,14.42,0.27,0.14,0.80,0.36,1.31,2.01,3.02,2.50,1.57,1.25,0.60,0.59
Caamano,30858,78.03,5.10,2.41,4.77,5.28,6.95,7.15,8.48,6.63,8.07,10.11,8.48,4.59
EVI_N,9709,18.34,2.15,1.33,1.80,1.40,1.79,1.51,0.76,0.40,0.44,1.91,2.53,2.32
EVI_S,6510,8.64,1.49,0.91,0.99,0.48,0.81,0.79,0.35,0.08,0.21,0.50,0.60,1.43
Fraser,235396,104.36,4.02,2.87,4.80,5.72,15.12,19.01,18.65,10.45,8.06,7.46,4.35,3.84
Hakai,32520,44.00,1.94,0.76,2.10,2.65,4.53,5.14,5.69,5.26,4.56,5.56,3.35,2.45
Howe,6234,15.84,0.55,0.33,0.96,0.61,2.29,3.03,2.29,1.36,1.31,1.55,0.72,0.84
JdF,5356,9.90,1.97,0.95,1.35,0.68,1.16,0.46,0.21,0.05,0.21,0.72,0.85,1.29
Jervis,5785,7.89,0.67,0.34,0.93,0.29,0.76,1.08,0.74,0.33,0.43,0.77,0.61,0.94
Knight,19437,30.96,0.86,0.42,1.84,1.58,3.74,3.55,5.09,4.60,3.10,3.21,1.80,1.17
Nass,55242,93.85,6.01,2.62,5.83,7.24,11.61,12.69,10.02,7.40,8.27,9.55,6.24,6.37
Puget,17080,13.12,1.53,1.51,1.16,0.92,1.96,1.65,1.05,0.39,0.70,0.66,0.63,0.95
HG_Dixon,4551,8.04,1.29,0.58,0.72,0.64,0.51,0.24,0.24,0.16,0.39,1.07,0.85,1.34
HG_East,4248,18.12,2.10,1.85,2.01,1.46,1.06,0.68,0.44,0.54,0.98,2.51,2.29,2.19
HG_West,3245,10.66,1.61,0.79,0.97,0.86,0.87,0.43,0.38,0.24,0.49,1.42,0.97,1.62
Skagit,15467,25.73,2.74,2.43,2.00,1.93,3.61,3.26,2.36,1.09,1.23,1.51,1.70,1.88
Skeena,56272,44.58,1.45,0.70,1.35,2.48,7.24,9.55,6.70,3.57,3.67,3.93,2.30,1.64
Stikine,75670,87.43,5.60,3.65,5.30,3.96,7.89,9.78,9.91,7.33,11.89,10.71,5.20,6.19
Toba,3892,6.95,0.20,0.12,0.57,0.29,0.88,0.98,0.85,0.44,0.82,0.98,0.36,0.47
WC,15882,26.45,5.09,2.76,2.87,1.89,2.94,2.28,0.70,0.40,0.94,1.79,1.91,2.89
WVI,16932,46.06,4.75,3.51,4.38,3.07,6.49,4.75,3.54,1.79,2.33,3.57,3.46,4.41
Columbia,685292,202.03,21.54,18.92,18.59,23.97,25.47,22.88,15.06,11.24,9.50,10.47,10.50,13.91
Bute,9740,15.52,0.37,0.35,0.56,0.63,1.07,2.16,2.72,2.83,1.34,1.67,0.91,0.91
Caamano,30858,88.41,6.87,1.82,5.50,4.11,9.69,6.34,6.44,8.05,10.06,12.22,10.45,6.86
EVI_N,9709,19.67,2.02,1.36,1.53,1.64,1.64,1.36,0.75,0.58,0.44,2.12,3.42,2.79
EVI_S,6510,9.03,1.12,0.49,0.88,0.96,0.64,0.43,0.20,0.20,0.19,0.48,1.55,1.90
Fraser,235396,99.52,3.40,2.66,4.87,5.20,12.12,19.02,16.91,10.60,6.52,7.46,5.75,5.01
Hakai,32520,50.02,2.28,1.03,2.70,2.59,5.70,5.75,5.13,6.42,4.62,5.97,4.96,2.88
Howe,6234,16.68,0.71,0.35,0.84,1.36,1.98,2.74,1.87,1.67,1.02,1.88,1.06,1.19
JdF,5356,11.78,1.54,0.64,1.29,1.22,0.75,0.36,0.12,0.19,0.13,1.10,1.95,2.48
Jervis,5785,8.76,0.82,0.35,0.64,0.77,0.71,0.92,0.59,0.48,0.30,0.90,1.13,1.15
Knight,19437,35.27,1.13,0.64,1.69,2.13,3.70,4.21,4.28,5.39,2.80,4.42,2.98,1.90
Nass,55242,102.42,5.15,2.57,5.68,8.23,11.97,10.88,8.37,9.22,9.00,15.19,9.20,6.95
Puget,17080,14.88,0.83,0.72,1.15,1.25,1.40,2.32,1.00,1.15,0.24,1.08,1.57,2.17
HG_Dixon,4551,9.73,1.49,0.46,0.98,0.62,0.66,0.23,0.19,0.30,0.66,1.61,1.14,1.40
HG_East,4248,17.51,2.17,1.60,1.74,1.38,1.09,0.75,0.44,0.42,0.92,2.24,2.36,2.39
HG_West,3245,13.31,1.97,0.55,1.40,0.87,1.07,0.48,0.32,0.52,0.99,1.98,1.37,1.80
Skagit,15467,26.41,1.71,1.50,2.06,2.13,2.66,3.60,1.90,1.39,0.81,2.16,3.09,3.41
Skeena,56272,47.69,1.50,0.70,1.34,2.29,7.67,9.33,5.70,4.66,4.26,5.16,3.37,1.71
Stikine,75670,92.44,4.73,2.73,5.21,4.60,7.03,8.50,8.04,9.54,10.80,14.10,8.39,8.78
Toba,3892,7.68,0.26,0.26,0.36,0.69,0.65,0.90,0.63,0.69,0.61,1.29,0.64,0.70
WC,15882,31.41,3.26,1.57,2.63,2.80,2.15,1.91,0.64,1.10,0.46,2.62,5.68,6.59
WVI,16932,49.92,4.04,2.15,4.13,4.80,6.17,3.50,1.12,2.88,1.75,4.57,7.23,7.59
Columbia,685292,184.57,12.97,12.09,17.79,24.43,18.76,18.83,13.17,11.17,8.59,11.37,14.52,20.89
Bute,9740,16.70,0.52,0.33,0.33,0.85,1.45,2.67,3.63,2.89,1.87,0.69,0.85,0.60
Caamano,30858,74.41,5.25,3.86,2.86,4.37,8.18,9.22,6.73,5.15,10.11,4.53,8.50,5.65
EVI_N,9709,19.48,2.48,1.42,1.47,1.72,1.81,1.50,0.89,0.33,0.47,1.56,3.13,2.70
EVI_S,6510,10.47,1.84,1.21,1.24,0.87,0.46,0.43,0.21,0.06,0.14,0.18,1.35,2.46
Fraser,235396,103.26,4.55,3.77,4.57,7.81,16.42,19.08,14.50,9.34,8.83,4.48,5.92,4.00
Hakai,32520,47.98,2.72,1.71,2.02,2.63,5.07,7.79,6.31,4.86,6.65,2.59,3.40,2.22
Howe,6234,16.74,0.87,0.68,0.66,1.22,2.51,2.38,2.45,1.67,1.27,0.61,1.49,0.93
JdF,5356,13.12,2.79,1.89,1.63,1.44,0.65,0.34,0.07,0.04,0.12,0.31,1.70,2.12
Jervis,5785,8.73,1.06,0.52,0.54,0.64,0.89,0.85,0.79,0.36,0.33,0.33,1.24,1.18
Knight,19437,36.17,1.53,0.72,1.27,2.28,3.28,6.11,6.35,4.90,4.37,1.60,2.47,1.29
Nass,55242,93.49,5.75,5.05,5.66,6.07,11.11,13.06,9.90,7.15,9.32,6.13,7.32,6.98
Puget,17080,13.70,2.02,1.50,1.61,1.40,1.27,1.54,0.91,0.28,0.24,0.27,0.72,1.94
HG_Dixon,4551,8.47,1.27,0.73,0.80,0.55,0.51,0.31,0.23,0.11,0.53,0.61,1.16,1.66
HG_East,4248,17.10,2.09,1.86,1.62,1.38,1.02,0.73,0.38,0.50,0.97,2.19,2.10,2.27
HG_West,3245,11.43,1.68,0.96,1.14,0.80,0.84,0.67,0.38,0.14,0.78,0.62,1.34,2.07
Skagit,15467,27.54,3.31,2.37,2.72,2.45,3.03,3.36,2.37,1.07,0.85,1.00,1.82,3.19
Skeena,56272,47.32,1.29,1.09,1.20,2.26,8.61,11.20,6.63,3.33,4.69,2.37,3.07,1.59
Stikine,75670,84.68,5.97,5.26,5.17,4.45,7.19,10.06,8.83,6.41,11.46,5.24,6.67,7.97
Toba,3892,7.69,0.39,0.27,0.22,0.83,0.95,1.03,1.01,0.49,0.87,0.45,0.61,0.56
WC,15882,30.80,6.51,3.91,3.16,2.86,1.65,1.78,0.37,0.23,0.46,0.73,3.57,5.58
WVI,16932,45.65,5.79,3.96,4.05,3.31,2.87,4.75,1.74,1.11,2.27,1.28,7.73,6.79
Columbia,685292,204.55,21.32,16.27,19.53,25.92,23.51,22.57,14.81,11.24,8.91,8.51,11.20,20.75
Bute,9740,15.07,0.55,0.32,0.68,0.80,1.01,2.17,2.72,2.72,1.51,1.40,0.56,0.60
Caamano,30858,81.96,6.53,1.57,5.04,4.58,9.33,8.44,7.04,7.18,8.52,10.23,6.44,7.06
EVI_N,9709,19.42,2.65,1.23,1.99,1.79,1.57,1.24,0.62,0.37,0.52,2.25,2.43,2.77
EVI_S,6510,11.09,1.98,0.43,1.97,1.46,0.53,0.25,0.28,0.05,0.13,0.92,0.91,2.18
Fraser,235396,99.90,4.51,3.23,5.68,7.71,12.84,17.49,12.99,9.20,7.43,9.44,5.59,3.79
Hakai,32520,46.58,2.20,0.99,2.57,2.59,5.05,5.71,5.99,5.80,5.01,5.80,2.18,2.68
Howe,6234,15.91,0.78,0.36,1.15,1.66,1.47,1.88,1.94,1.52,0.82,2.14,1.30,0.89
JdF,5356,13.57,2.66,0.74,2.43,1.50,0.49,0.11,0.13,0.04,0.14,1.56,1.99,1.78
Jervis,5785,9.02,0.96,0.33,1.14,1.05,0.59,0.74,0.62,0.36,0.16,1.08,0.83,1.16
Knight,19437,33.71,1.67,0.56,1.92,2.46,3.16,3.97,5.04,4.73,3.40,3.91,1.51,1.38
Nass,55242,99.69,7.67,2.37,7.84,6.13,9.34,11.75,9.08,6.87,8.25,15.89,8.38,6.12
Puget,17080,13.94,2.41,0.85,2.22,1.64,0.92,0.53,0.41,0.26,0.40,1.36,1.54,1.39
HG_Dixon,4551,8.38,1.32,0.36,1.16,0.43,0.38,0.17,0.09,0.16,0.41,1.40,0.93,1.59
HG_East,4248,18.13,2.30,1.49,1.62,1.79,1.18,0.76,0.57,0.46,1.01,2.30,2.21,2.43
HG_West,3245,11.15,1.67,0.39,1.65,0.69,0.65,0.29,0.20,0.26,0.61,1.75,0.91,2.08
Skagit,15467,27.91,3.88,1.70,3.37,2.84,2.33,2.03,1.67,0.98,0.94,2.50,3.23,2.44
Skeena,56272,48.04,1.82,0.66,1.61,2.08,7.48,10.60,6.61,3.77,3.86,5.43,2.49,1.63
Stikine,75670,92.64,7.29,2.80,7.25,5.13,6.05,8.28,8.16,6.50,10.80,16.07,7.04,7.25
Toba,3892,7.61,0.39,0.23,0.54,0.96,0.67,0.86,0.59,0.51,0.67,1.24,0.38,0.56
WC,15882,32.38,6.40,1.76,5.81,3.03,1.00,0.49,0.41,0.22,0.60,3.72,4.94,3.99
WVI,16932,52.77,6.61,1.57,6.57,6.92,4.58,1.55,3.50,0.98,2.33,6.45,4.08,7.62
Columbia,685292,209.48,23.01,14.42,25.70,28.93,20.86,18.98,13.55,10.87,9.26,11.07,13.14,19.69
Bute,9740,14.96,0.31,0.31,0.71,0.43,1.04,1.88,2.71,2.50,1.95,0.82,1.38,0.91
Caamano,30858,76.46,5.82,2.10,4.90,3.90,4.99,7.55,7.94,5.66,7.88,9.09,10.55,6.10
EVI_N,9709,19.96,2.34,1.45,1.74,1.43,1.80,1.27,0.69,0.47,0.65,1.85,3.68,2.56
EVI_S,6510,10.08,2.25,0.86,0.98,0.44,0.73,0.37,0.19,0.28,0.31,0.59,1.21,1.88
Fraser,235396,112.95,4.93,3.12,4.63,5.41,15.56,18.57,15.10,13.42,10.99,7.20,8.53,5.50
Hakai,32520,46.87,2.24,1.18,2.49,1.28,3.60,5.28,6.16,5.72,5.46,4.11,5.87,3.48
Howe,6234,18.30,1.02,0.54,0.93,0.64,3.04,2.09,2.21,2.09,1.69,1.38,1.51,1.16
JdF,5356,10.65,2.42,0.77,1.26,0.38,0.59,0.23,0.06,0.19,0.28,0.91,1.71,1.85
Jervis,5785,9.81,1.32,0.54,0.81,0.36,1.09,0.79,0.66,0.55,0.54,0.69,1.30,1.15
Knight,19437,31.69,0.89,0.58,1.95,1.04,2.31,3.39,4.85,4.39,4.07,2.33,4.09,1.78
Nass,55242,101.43,6.95,2.89,5.56,5.59,9.24,11.11,9.83,7.74,11.90,12.63,10.08,7.89
Puget,17080,13.76,1.74,0.95,1.03,0.51,2.07,1.31,0.59,1.36,1.01,0.86,0.88,1.47
HG_Dixon,4551,7.30,1.00,0.42,0.83,0.37,0.24,0.11,0.12,0.15,0.54,0.87,1.26,1.38
HG_East,4248,18.12,2.39,1.71,1.69,1.54,1.25,0.88,0.48,0.47,0.90,2.58,2.07,2.15
HG_West,3245,9.27,1.17,0.48,1.17,0.35,0.40,0.23,0.21,0.30,0.72,1.13,1.46,1.64
Skagit,15467,26.78,2.80,1.79,1.94,1.55,4.02,3.17,2.00,1.66,1.45,1.85,2.07,2.48
Skeena,56272,48.31,1.66,0.72,1.38,2.26,6.69,10.09,6.61,3.83,4.92,4.59,3.69,1.88
Stikine,75670,97.64,6.59,3.31,5.07,3.04,6.61,8.80,8.65,9.66,16.57,12.35,8.77,8.23
Toba,3892,7.69,0.32,0.28,0.48,0.40,0.84,0.70,0.62,0.59,1.16,0.74,0.86,0.69
WC,15882,27.42,5.27,2.53,2.86,0.96,1.82,1.20,0.34,1.10,1.26,2.38,3.34,4.36
WVI,16932,48.35,6.44,2.52,4.96,1.44,3.11,2.52,2.17,2.88,3.02,3.99,9.66,5.62
Columbia,685292,197.26,21.63,15.74,15.51,22.03,24.53,21.92,14.37,13.12,10.54,11.00,10.96,15.90
Bute,9740,18.11,0.48,0.30,0.50,0.53,1.63,2.88,4.18,3.16,1.98,1.46,0.55,0.48
Caamano,30858,84.26,6.03,3.33,5.62,4.69,5.58,7.23,10.62,8.13,7.19,12.92,7.26,5.65
EVI_N,9709,19.83,2.37,1.25,1.62,1.79,1.90,1.47,0.94,0.41,0.56,2.30,2.72,2.51
EVI_S,6510,10.98,2.01,0.45,1.37,1.46,1.03,0.42,0.32,0.13,0.12,0.75,0.87,2.06
Fraser,235396,113.92,5.09,2.94,4.54,5.35,15.37,24.04,20.07,10.87,7.72,8.65,5.22,4.06
Hakai,32520,52.46,2.71,1.82,2.22,2.12,4.86,6.80,8.39,6.86,5.19,5.83,3.14,2.51
Howe,6234,18.13,1.09,0.37,0.88,1.20,2.49,2.92,2.86,1.85,0.99,1.84,0.85,0.78
JdF,5356,12.61,2.85,0.59,1.49,1.29,0.99,0.28,0.24,0.09,0.28,1.24,1.42,1.86
Jervis,5785,8.98,1.06,0.34,0.81,0.81,1.02,1.00,0.85,0.41,0.14,0.95,0.67,0.92
Knight,19437,40.54,1.53,0.66,1.51,2.02,4.55,5.29,7.75,5.53,4.47,4.19,1.90,1.14
Nass,55242,95.80,3.95,2.44,6.79,5.81,9.46,12.05,11.00,7.28,8.71,15.05,7.71,5.54
Puget,17080,15.24,1.30,0.51,1.48,1.55,2.10,1.73,1.49,0.38,0.60,0.96,1.27,1.88
HG_Dixon,4551,7.42,0.72,0.49,0.71,0.52,0.31,0.18,0.20,0.14,0.35,1.61,1.07,1.11
HG_East,4248,18.39,2.55,1.71,1.95,1.66,1.07,0.76,0.50,0.45,0.95,2.26,2.20,2.33
HG_West,3245,10.45,1.19,0.74,0.91,0.88,0.56,0.38,0.34,0.24,0.49,2.12,1.18,1.42
Skagit,15467,27.93,2.29,1.26,2.44,2.50,3.85,3.19,2.42,1.04,1.14,1.98,2.76,3.07
Skeena,56272,51.33,1.05,0.79,1.66,2.34,8.23,11.79,8.52,4.44,3.41,5.16,2.49,1.45
Stikine,75670,93.46,5.71,3.08,5.95,4.56,6.75,9.42,10.41,7.32,11.60,14.95,6.75,6.99
Toba,3892,8.55,0.34,0.21,0.36,0.67,1.16,1.21,1.20,0.56,0.84,1.23,0.36,0.42
WC,15882,31.04,4.87,1.26,3.71,3.23,2.62,1.23,1.52,0.26,0.80,2.80,3.67,5.07
WVI,16932,58.26,8.18,2.18,5.17,6.92,6.81,2.59,4.27,1.55,2.44,6.57,5.81,5.77
Columbia,685292,195.28,15.64,11.21,19.78,25.25,23.52,20.96,14.22,10.72,9.17,11.24,13.45,20.13
Bute,9740,15.07,0.76,0.41,0.64,0.25,0.75,2.23,3.04,2.66,1.59,0.93,1.13,0.67
Caamano,30858,60.91,5.83,1.26,1.44,5.77,4.55,5.84,6.68,3.62,3.49,6.23,7.33,8.87
EVI_N,9709,20.86,3.08,1.52,1.94,1.53,1.56,1.55,0.79,0.33,0.38,1.64,3.72,2.82
EVI_S,6510,12.23,2.59,0.90,1.52,0.86,0.66,0.45,0.26,0.06,0.18,0.32,2.13,2.30
Fraser,235396,98.99,5.20,3.17,3.73,5.77,13.21,17.77,15.68,7.82,6.45,6.37,8.93,4.89
Hakai,32520,41.56,3.07,1.30,1.32,1.91,3.46,5.46,6.00,3.81,2.77,4.30,4.49,3.66
Howe,6234,16.18,1.17,0.40,0.88,0.76,1.63,2.59,2.07,1.59,1.17,1.14,2.04,0.73
JdF,5356,13.39,3.54,0.98,1.38,0.72,0.61,0.31,0.08,0.04,0.14,0.41,3.09,2.10
Jervis,5785,9.43,1.46,0.47,1.00,0.42,0.65,0.90,0.70,0.37,0.31,0.57,1.72,0.87
Knight,19437,31.40,2.10,0.81,1.53,1.21,2.06,3.85,5.25,4.33,2.94,2.42,3.15,1.76
Nass,55242,91.50,6.97,3.62,3.39,8.59,9.44,10.92,7.81,5.70,7.33,7.80,12.16,7.76
Puget,17080,16.09,3.00,1.29,0.97,1.18,1.54,1.88,0.76,0.27,0.47,0.40,2.32,2.01
HG_Dixon,4551,8.27,1.63,0.49,0.74,0.52,0.29,0.16,0.16,0.12,0.30,0.62,1.64,1.60
HG_East,4248,16.19,1.94,1.50,1.44,1.43,1.04,0.68,0.42,0.36,0.88,2.26,1.90,2.35
HG_West,3245,11.03,2.16,0.61,1.15,0.60,0.46,0.28,0.30,0.17,0.38,0.78,1.94,2.19
Skagit,15467,31.39,4.67,2.23,1.88,2.34,3.29,3.73,2.20,1.03,1.02,1.22,4.53,3.25
Skeena,56272,41.12,1.38,0.72,0.73,2.77,6.63,8.86,5.57,2.68,3.02,3.52,3.19,2.05
Stikine,75670,86.42,7.62,3.89,3.77,4.64,6.20,8.98,8.20,5.53,9.28,7.94,11.08,9.30
Toba,3892,7.22,0.60,0.33,0.51,0.28,0.53,0.88,0.74,0.48,0.82,0.68,0.88,0.50
WC,15882,33.91,8.75,2.33,3.11,1.81,1.51,1.38,0.43,0.22,0.53,0.99,7.90,4.96
WVI,16932,50.91,8.83,3.71,5.30,3.60,3.01,1.67,2.04,0.59,1.49,2.41,9.70,8.57
Columbia,685292,219.54,28.09,15.75,17.78,27.15,25.26,23.64,15.07,11.29,9.00,9.21,18.11,19.19
Bute,9740,19.67,0.82,0.64,0.64,0.59,1.33,3.39,4.02,3.35,2.32,1.02,0.83,0.72
Caamano,30858,83.17,6.46,4.02,5.18,6.38,8.37,9.57,10.23,7.02,5.91,9.80,5.94,4.28
EVI_N,9709,21.45,2.88,1.81,1.80,1.69,1.76,1.56,0.87,0.43,0.65,2.14,3.21,2.66
EVI_S,6510,11.50,2.00,1.26,1.53,1.14,0.52,0.43,0.40,0.15,0.27,0.59,1.02,2.19
Fraser,235396,117.18,5.41,4.08,4.95,6.63,14.83,24.30,17.12,11.88,8.07,8.32,6.44,5.13
Hakai,32520,58.35,4.20,2.47,2.86,2.95,6.37,9.13,8.40,6.81,4.12,5.70,3.50,1.85
Howe,6234,17.28,1.12,0.68,1.18,1.09,2.11,2.74,2.83,1.84,1.38,0.56,0.68,1.09
JdF,5356,14.03,2.91,1.62,2.38,1.17,0.38,0.33,0.28,0.07,0.20,1.12,1.09,2.49
Jervis,5785,8.87,1.20,0.70,0.88,0.64,0.80,0.99,0.83,0.41,0.38,0.27,0.68,1.08
Knight,19437,44.02,2.63,1.08,2.02,1.97,3.41,6.96,7.60,6.01,4.70,3.57,2.58,1.49
Nass,55242,106.07,7.10,5.59,7.58,5.95,9.40,15.03,11.31,6.98,8.34,15.97,6.13,6.69
Puget,17080,15.40,1.70,1.59,1.94,0.82,1.05,1.34,1.34,0.54,0.43,1.07,0.89,2.70
HG_Dixon,4551,9.52,1.10,0.91,0.98,0.63,0.32,0.34,0.28,0.13,0.48,1.88,1.32,1.16
HG_East,4248,15.69,2.04,1.48,1.50,1.36,1.01,0.65,0.41,0.42,0.84,1.97,1.86,2.14
HG_West,3245,12.96,1.47,1.09,1.30,1.00,0.63,0.74,0.53,0.26,0.64,2.31,1.57,1.42
Skagit,15467,29.19,2.85,2.60,2.94,1.86,2.76,3.09,2.58,1.17,0.95,2.13,2.19,4.06
Skeena,56272,53.53,1.58,1.15,1.57,2.44,8.92,13.15,8.25,4.24,3.14,5.50,2.05,1.55
Stikine,75670,98.71,7.01,5.62,6.49,4.23,5.91,10.84,10.83,7.50,11.44,14.21,6.06,8.56
Toba,3892,8.83,0.53,0.54,0.42,0.63,0.85,1.38,1.01,0.57,1.21,0.61,0.51,0.58
WC,15882,34.36,5.00,4.32,5.42,2.19,1.20,1.68,1.54,0.42,0.72,2.83,2.76,6.28
WVI,16932,62.93,9.48,5.67,6.62,5.42,2.83,4.30,4.30,1.67,2.56,6.11,6.54,7.44
Columbia,685292,210.42,17.85,19.09,19.96,24.50,23.29,22.91,15.95,11.93,9.25,11.69,12.24,21.75
Bute,9740,17.27,0.42,0.59,0.68,0.46,1.67,2.44,3.31,3.23,1.69,1.10,0.83,0.85
Caamano,30858,69.02,2.31,3.28,3.92,3.46,4.99,7.48,8.55,7.88,2.67,8.13,10.47,5.89
EVI_N,9709,19.37,2.61,1.44,1.41,1.58,1.95,1.39,0.83,0.50,0.34,1.89,2.97,2.46
EVI_S,6510,7.78,2.08,0.44,0.44,0.59,0.40,0.45,0.23,0.20,0.09,0.42,1.06,1.35
Fraser,235396,107.02,4.03,3.90,4.40,4.37,15.39,18.97,16.57,14.38,5.60,6.64,7.12,5.64
Hakai,32520,48.32,1.19,2.11,2.18,1.76,4.93,6.33,6.75,6.83,2.84,4.39,5.20,3.81
Howe,6234,14.23,0.77,0.51,0.64,0.89,1.63,2.18,1.88,1.71,0.85,1.16,1.13,0.88
JdF,5356,10.37,2.24,1.12,1.29,0.75,0.36,0.27,0.12,0.19,0.07,0.61,1.88,1.46
Jervis,5785,7.84,1.01,0.49,0.54,0.50,0.74,0.81,0.62,0.48,0.22,0.62,0.89,0.94
Knight,19437,35.84,1.12,0.99,1.73,1.22,4.14,4.74,5.47,5.93,3.13,3.01,2.67,1.68
Nass,55242,87.34,5.41,4.45,5.20,4.13,10.14,11.68,9.53,9.64,4.73,8.10,8.04,6.30
Puget,17080,13.94,1.51,1.29,1.39,0.91,1.06,1.63,0.73,1.36,0.23,0.59,1.68,1.57
HG_Dixon,4551,7.42,0.94,0.66,0.90,0.48,0.44,0.27,0.26,0.19,0.38,0.82,1.31,0.76
HG_East,4248,15.78,1.95,1.42,1.48,1.23,0.93,0.67,0.39,0.45,0.79,2.09,2.12,2.25
HG_West,3245,9.88,1.08,0.78,1.26,0.69,0.69,0.53,0.44,0.29,0.56,1.04,1.66,0.86
Skagit,15467,27.27,2.70,2.22,2.31,1.85,2.80,3.29,2.06,1.65,0.82,1.44,3.41,2.73
Skeena,56272,43.76,1.19,1.01,1.28,1.50,7.21,9.84,6.67,4.93,2.28,3.24,3.01,1.60
Stikine,75670,81.89,5.01,4.45,4.72,2.86,5.97,9.03,8.71,10.39,6.22,8.79,8.24,7.50
Toba,3892,7.79,0.35,0.45,0.41,0.47,1.05,0.91,0.73,0.69,0.74,0.86,0.51,0.61
WC,15882,27.60,4.47,2.89,3.22,1.77,1.07,1.39,0.68,1.10,0.29,1.61,5.40,3.72
WVI,16932,35.68,8.04,1.77,1.29,1.43,2.81,2.48,1.42,2.59,0.66,3.55,5.89,3.75
Columbia,685292,200.52,21.00,15.04,19.16,23.23,22.69,22.18,14.47,13.02,8.45,9.58,13.44,18.26
Bute,9740,15.63,0.41,0.32,0.44,0.40,1.23,2.31,3.29,2.68,1.84,1.21,1.19,0.31
Caamano,30858,72.77,5.00,1.78,3.89,5.06,7.13,7.70,6.19,7.15,8.95,9.64,7.91,2.37
EVI_N,9709,19.10,2.26,1.24,1.47,1.33,1.76,1.35,0.87,0.35,0.62,2.00,3.94,1.91
EVI_S,6510,9.11,1.24,0.55,1.22,0.54,0.88,0.27,0.23,0.09,0.30,0.74,2.05,1.00
Fraser,235396,109.24,4.49,3.40,4.43,6.09,16.48,19.39,16.54,8.79,9.19,9.31,7.81,3.33
Hakai,32520,50.41,2.49,1.15,2.15,2.63,5.41,7.41,6.16,5.69,5.38,5.62,5.07,1.26
Howe,6234,15.77,0.78,0.41,0.84,0.79,1.92,1.83,2.02,1.54,1.48,1.85,1.80,0.51
JdF,5356,11.61,1.92,0.58,1.53,0.80,0.91,0.12,0.08,0.08,0.26,1.30,3.04,1.00
Jervis,5785,8.31,0.87,0.39,0.75,0.41,0.75,0.71,0.69,0.37,0.47,0.94,1.50,0.48
Knight,19437,33.93,1.25,0.56,1.26,1.53,3.37,4.53,5.28,4.61,4.01,3.11,3.72,0.70
Nass,55242,85.52,3.63,2.75,6.16,8.15,11.45,10.00,7.17,5.41,8.25,10.22,9.32,3.01
Puget,17080,14.50,1.97,0.56,1.52,1.28,2.43,0.76,0.86,0.57,0.62,1.29,1.71,0.92
HG_Dixon,4551,6.29,0.68,0.46,0.87,0.51,0.40,0.15,0.08,0.18,0.58,0.84,1.04,0.49
HG_East,4248,16.05,2.02,1.44,1.38,1.11,1.02,0.74,0.38,0.37,0.86,2.39,2.10,2.24
HG_West,3245,8.48,1.03,0.60,1.02,0.50,0.65,0.27,0.13,0.31,0.86,1.24,1.26,0.60
Skagit,15467,27.98,3.38,1.36,2.53,2.26,4.15,2.31,2.13,1.12,1.13,2.41,3.36,1.84
Skeena,56272,43.23,0.97,0.73,1.31,2.86,7.83,9.57,5.66,3.01,3.96,3.82,2.65,0.88
Stikine,75670,86.56,4.97,3.10,4.94,4.25,7.50,7.68,7.42,6.49,13.20,13.69,9.22,4.10
Toba,3892,7.18,0.29,0.23,0.32,0.36,0.80,0.81,0.88,0.44,0.94,1.05,0.85,0.22
WC,15882,29.07,5.01,1.32,3.04,1.93,2.44,0.50,0.32,0.45,0.89,3.10,7.78,2.28
WVI,16932,46.33,6.00,2.05,3.98,2.55,5.73,1.97,1.80,0.93,3.12,4.40,11.08,2.72
Columbia,685292,196.79,18.88,13.55,20.34,24.27,24.22,20.16,14.20,11.25,9.35,11.78,14.23,14.57
Bute,9740,15.04,0.54,0.31,0.45,0.25,1.34,2.05,2.76,2.73,1.92,0.79,1.02,0.88
Caamano,30858,72.16,4.31,2.81,5.28,3.60,3.59,7.43,4.69,5.01,9.44,13.66,7.34,5.01
EVI_N,9709,20.90,2.79,1.66,1.62,1.67,1.85,1.31,0.70,0.41,0.75,1.97,3.09,3.07
EVI_S,6510,13.68,2.47,1.49,1.59,1.76,1.07,0.42,0.18,0.13,0.30,0.65,1.04,2.58
Fraser,235396,94.93,4.06,2.85,3.79,5.40,14.15,17.40,12.00,10.17,9.39,5.50,6.28,3.94
Hakai,32520,43.24,1.79,1.27,2.10,1.93,3.67,5.42,4.57,5.31,6.02,5.61,2.78,2.76
Howe,6234,18.65,1.01,0.60,1.04,1.42,3.11,2.36,2.16,1.98,1.65,0.94,1.34,1.06
JdF,5356,13.53,2.20,1.07,1.15,1.61,1.13,0.28,0.06,0.11,0.33,1.22,1.55,2.82
Jervis,5785,10.76,1.38,0.73,1.03,0.94,1.18,0.84,0.66,0.50,0.49,0.58,1.14,1.30
Knight,19437,32.17,1.37,0.61,1.37,1.11,3.22,3.97,4.36,4.50,4.41,2.98,2.41,1.87
Nass,55242,94.94,5.62,2.69,6.59,4.85,9.97,11.63,7.21,5.98,12.29,13.16,8.51,6.42
Puget,17080,17.19,1.61,1.03,1.23,1.68,2.55,2.63,0.60,0.63,1.03,0.94,1.22,2.06
HG_Dixon,4551,7.88,1.29,0.64,1.09,0.54,0.36,0.15,0.08,0.12,0.69,0.76,1.01,1.16
HG_East,4248,18.71,2.11,1.76,1.72,1.53,0.99,1.04,0.37,0.42,0.92,3.35,2.13,2.38
HG_West,3245,10.84,1.74,0.87,1.59,0.95,0.64,0.29,0.12,0.22,1.03,0.90,1.05,1.44
Skagit,15467,31.20,2.76,1.91,2.19,2.86,4.45,4.38,1.97,1.21,1.49,1.92,2.71,3.34
Skeena,56272,42.89,1.28,0.70,1.51,1.80,6.53,9.01,4.89,2.83,4.87,5.29,2.72,1.46
Stikine,75670,94.45,5.81,3.62,5.44,4.32,7.34,9.40,7.17,7.14,16.95,12.02,7.13,8.11
Toba,3892,8.16,0.48,0.33,0.38,0.50,1.08,0.85,0.69,0.65,1.13,0.62,0.70,0.73
WC,15882,35.26,6.40,2.90,2.88,3.00,2.97,1.95,0.31,0.45,1.40,2.82,4.10,6.07
WVI,16932,54.04,6.95,4.33,4.91,5.50,4.91,3.33,0.87,1.11,3.37,4.94,5.18,8.65
Columbia,685292,212.33,19.33,14.71,18.88,28.53,25.41,23.65,14.20,11.29,10.67,11.30,13.77,20.62